ID,date,period,site,transect,morphogroup,family,genus,Notes,week,land_type
1Chpp41,0022-06-02,Pre-Bloom,Chipman2,4,SB,Apidae,Ceratina,Male,22,canola
2Chpp41,0022-06-02,Pre-Bloom,Chipman2,4,SB,Apidae,Ceratina,Male,22,canola
3Chpp41,0022-06-02,Pre-Bloom,Chipman2,4,SB,Apidae,Ceratina,Male,22,canola
4Chpp41,0022-06-02,Pre-Bloom,Chipman2,4,SB,Andrenidae,Andrena,,22,canola
5Chpp41,0022-06-02,Pre-Bloom,Chipman2,4,SB,Apidae,Ceratina,Female,22,canola
6Chpp41,0022-06-02,Pre-Bloom,Chipman2,4,SB,Apidae,Ceratina,Male,22,canola
7Chpp41,0022-06-02,Pre-Bloom,Chipman2,4,SB,Apidae,Ceratina,Female,22,canola
8Chpp41,0022-06-02,Pre-Bloom,Chipman2,4,SB,Apidae,Ceratina,Male,22,canola
9Chpp41,0022-06-02,Pre-Bloom,Chipman2,4,SB,Andrenidae,Andrena,,22,canola
10Chpp41,0022-06-02,Pre-Bloom,Chipman2,4,SB,Apidae,Ceratina,Male,22,canola
11Chpp41,0022-06-02,Pre-Bloom,Chipman2,4,SB,Halictidae,Lasioglossum,,22,canola
12Chpp41,0022-06-02,Pre-Bloom,Chipman2,4,SB,Apidae,Ceratina,Male,22,canola
13Chpp41,0022-06-02,Pre-Bloom,Chipman2,4,SB,Halictidae,Lasioglossum,,22,canola
14Chpp41,0022-06-02,Pre-Bloom,Chipman2,4,SB,Apidae,Ceratina,Male,22,canola
15Chpp41,0022-06-02,Pre-Bloom,Chipman2,4,SB,Apidae,Ceratina,Male,22,canola
16Chpp41,0022-06-02,Pre-Bloom,Chipman2,4,SB,Halictidae,Lasioglossum,,22,canola
17Chpp41,0022-06-02,Pre-Bloom,Chipman2,4,SB,Apidae,Nomada,,22,canola
18Chpp41,0022-06-02,Pre-Bloom,Chipman2,4,SB,Halictidae,Lasioglossum,,22,canola
19Chpp41,0022-06-02,Pre-Bloom,Chipman2,4,SB,Halictidae,Halictus,,22,canola
20Chpp41,0022-06-02,Pre-Bloom,Chipman2,4,SB,Halictidae,Halictus,,22,canola
21Chpp41,0022-06-02,Pre-Bloom,Chipman2,4,SB,Apidae,Nomada,,22,canola
22Chpp41,0022-06-02,Pre-Bloom,Chipman2,4,SB,Apidae,Ceratina,Male,22,canola
23Chpp41,0022-06-02,Pre-Bloom,Chipman2,4,SB,Apidae,Ceratina,Male. Abdomen missing,22,canola
24Chpp41,0022-06-02,Pre-Bloom,Chipman2,4,SB,Apidae,Ceratina,Male,22,canola
25Chpp41,0022-06-02,Pre-Bloom,Chipman2,4,SB,Halictidae,Sphecodes,,22,canola
26Chpp41,0022-06-02,Pre-Bloom,Chipman2,4,SB,Apidae,Ceratina,Male,22,canola
27Chpp41,0022-06-02,Pre-Bloom,Chipman2,4,SB,Halictidae,Halictus,,22,canola
28Chpp41,0022-06-02,Pre-Bloom,Chipman2,4,SB,Halictidae,Halictus,,22,canola
29Chpp41,0022-06-02,Pre-Bloom,Chipman2,4,SB,Halictidae,Halictus,,22,canola
30Chpp41,0022-06-02,Pre-Bloom,Chipman2,4,SB,Halictidae,Halictus,,22,canola
31Chpp41,0022-06-02,Pre-Bloom,Chipman2,4,SB,Halictidae,Halictus,,22,canola
32Chpp41,0022-06-02,Pre-Bloom,Chipman2,4,SB,Halictidae,Halictus,,22,canola
33Chpp41,0022-06-02,Pre-Bloom,Chipman2,4,SB,Halictidae,Halictus,,22,canola
34Chpp41,0022-06-02,Pre-Bloom,Chipman2,4,SB,Apidae,Ceratina,Female,22,canola
35Chpp41,0022-06-02,Pre-Bloom,Chipman2,4,OLB,Andrenidae,Andrena,,22,canola
36Chpp41,0022-06-02,Pre-Bloom,Chipman2,4,SB,Halictidae,Halictus,,22,canola
37Chpp41,0022-06-02,Pre-Bloom,Chipman2,4,SB,Apidae,Nomada,,22,canola
38Chpp41,0022-06-02,Pre-Bloom,Chipman2,4,SB,Megachilidae,Osmia,,22,canola
39Chpp41,0022-06-02,Pre-Bloom,Chipman2,4,OLB,Andrenidae,Andrena,,22,canola
40Chpp41,0022-06-02,Pre-Bloom,Chipman2,4,OLB,Andrenidae,Andrena,,22,canola
41Chpp41,0022-06-02,Pre-Bloom,Chipman2,4,OLB,Andrenidae,Andrena,,22,canola
42Chpp41,0022-06-02,Pre-Bloom,Chipman2,4,OLB,Andrenidae,Andrena,,22,canola
43Chpp41,0022-06-02,Pre-Bloom,Chipman2,4,OLB,Andrenidae,Andrena,,22,canola
1Chpp31,0022-06-02,Pre-Bloom,Chipman2,3,SB,Apidae,Ceratina,Male,22,canola
2Chpp31,0022-06-02,Pre-Bloom,Chipman2,3,SB,Apidae,Ceratina,Male,22,canola
3Chpp31,0022-06-02,Pre-Bloom,Chipman2,3,SB,Apidae,Ceratina,Male,22,canola
4Chpp31,0022-06-02,Pre-Bloom,Chipman2,3,SB,Apidae,Ceratina,Male,22,canola
5Chpp31,0022-06-02,Pre-Bloom,Chipman2,3,SB,Apidae,Ceratina,Male,22,canola
6Chpp31,0022-06-02,Pre-Bloom,Chipman2,3,SB,Apidae,Ceratina,Male,22,canola
7Chpp31,0022-06-02,Pre-Bloom,Chipman2,3,SB,Apidae,Ceratina,Male,22,canola
8Chpp31,0022-06-02,Pre-Bloom,Chipman2,3,SB,Apidae,Ceratina,Male,22,canola
9Chpp31,0022-06-02,Pre-Bloom,Chipman2,3,GB,Megachilidae,Osmia,,22,canola
10Chpp31,0022-06-02,Pre-Bloom,Chipman2,3,SB,Apidae,Ceratina,Male,22,canola
11Chpp31,0022-06-02,Pre-Bloom,Chipman2,3,SB,Apidae,Ceratina,Male,22,canola
12Chpp31,0022-06-02,Pre-Bloom,Chipman2,3,SB,Apidae,Ceratina,Male,22,canola
13Chpp31,0022-06-02,Pre-Bloom,Chipman2,3,SB,Apidae,Ceratina,Female,22,canola
14Chpp31,0022-06-02,Pre-Bloom,Chipman2,3,SB,Apidae,Ceratina,Male,22,canola
15Chpp31,0022-06-02,Pre-Bloom,Chipman2,3,SB,Apidae,Ceratina,Male,22,canola
16Chpp31,0022-06-02,Pre-Bloom,Chipman2,3,SB,Apidae,Ceratina,Male,22,canola
17Chpp31,0022-06-02,Pre-Bloom,Chipman2,3,SB,Apidae,Ceratina,Male,22,canola
18Chpp31,0022-06-02,Pre-Bloom,Chipman2,3,SB,Apidae,Ceratina,Male,22,canola
19Chpp31,0022-06-02,Pre-Bloom,Chipman2,3,SB,Apidae,Ceratina,Male,22,canola
20Chpp31,0022-06-02,Pre-Bloom,Chipman2,3,SB,Apidae,Ceratina,Male,22,canola
21Chpp31,0022-06-02,Pre-Bloom,Chipman2,3,SB,Apidae,Ceratina,Male,22,canola
22Chpp31,0022-06-02,Pre-Bloom,Chipman2,3,SB,Apidae,Ceratina,Male,22,canola
23Chpp31,0022-06-02,Pre-Bloom,Chipman2,3,SB,Apidae,Ceratina,Male,22,canola
24Chpp31,0022-06-02,Pre-Bloom,Chipman2,3,SB,Apidae,Ceratina,Female,22,canola
25Chpp31,0022-06-02,Pre-Bloom,Chipman2,3,SB,Apidae,Ceratina,Male,22,canola
26Chpp31,0022-06-02,Pre-Bloom,Chipman2,3,SB,Apidae,Ceratina,Female,22,canola
27Chpp31,0022-06-02,Pre-Bloom,Chipman2,3,SB,Apidae,Nomada,,22,canola
28Chpp31,0022-06-02,Pre-Bloom,Chipman2,3,SB,Andrenidae,Andrena,Male,22,canola
29Chpp31,0022-06-02,Pre-Bloom,Chipman2,3,SB,Halictidae,Halictus,,22,canola
30Chpp31,0022-06-02,Pre-Bloom,Chipman2,3,SB,Apidae,Ceratina,Female,22,canola
31Chpp31,0022-06-02,Pre-Bloom,Chipman2,3,SB,Andrenidae,Andrena,Male,22,canola
32Chpp31,0022-06-02,Pre-Bloom,Chipman2,3,SB,Apidae,Ceratina,Missing head,22,canola
33Chpp31,0022-06-02,Pre-Bloom,Chipman2,3,SB,Halictidae,Lasioglossum,Missing head,22,canola
34Chpp31,0022-06-02,Pre-Bloom,Chipman2,3,SB,Apidae,Ceratina,Missing head,22,canola
35Chpp31,0022-06-02,Pre-Bloom,Chipman2,3,SB,Halictidae,Lasioglossum,Missing head,22,canola
1Chpp11,0022-06-02,Pre-Bloom,Chipman2,1,SB,Apidae,Ceratina,Male,22,canola
2Chpp11,0022-06-02,Pre-Bloom,Chipman2,1,SB,Apidae,Ceratina,Female,22,canola
3Chpp11,0022-06-02,Pre-Bloom,Chipman2,1,OLB,Andrenidae,Andrena,Female, some pollen on leg,22,canola
4Chpp11,0022-06-02,Pre-Bloom,Chipman2,1,HB,Apidae,Apis,Apis mellifera, some pollen on leg,22,canola
5Chpp11,0022-06-02,Pre-Bloom,Chipman2,1,SB,Apidae,Ceratina,Male,22,canola
6Chpp11,0022-06-02,Pre-Bloom,Chipman2,1,SB,Apidae,Ceratina,Female,22,canola
7Chpp11,0022-06-02,Pre-Bloom,Chipman2,1,SB,Apidae,Ceratina,Female,22,canola
8Chpp11,0022-06-02,Pre-Bloom,Chipman2,1,SB,Apidae,Ceratina,Male,22,canola
9Chpp11,0022-06-02,Pre-Bloom,Chipman2,1,SB,Apidae,Nomada,,22,canola
10Chpp11,0022-06-02,Pre-Bloom,Chipman2,1,SB,Apidae,Ceratina,Male,22,canola
11Chpp11,0022-06-02,Pre-Bloom,Chipman2,1,SB,Halictidae,Lasioglossum,,22,canola
12Chpp11,0022-06-02,Pre-Bloom,Chipman2,1,OLB,Andrenidae,Andrena,,22,canola
1Chpp21,0022-06-02,Pre-Bloom,Chipman2,2,SB,Apidae,Ceratina,Male,22,canola
2Chpp21,0022-06-02,Pre-Bloom,Chipman2,2,SB,Apidae,Ceratina,Male,22,canola
3Chpp21,0022-06-02,Pre-Bloom,Chipman2,2,SB,Apidae,Ceratina,Male,22,canola
4Chpp21,0022-06-02,Pre-Bloom,Chipman2,2,SB,Apidae,Ceratina,Male,22,canola
5Chpp21,0022-06-02,Pre-Bloom,Chipman2,2,SB,Apidae,Ceratina,Male,22,canola
6Chpp21,0022-06-02,Pre-Bloom,Chipman2,2,SB,Apidae,Ceratina,Male,22,canola
7Chpp21,0022-06-02,Pre-Bloom,Chipman2,2,SB,Apidae,Ceratina,Male,22,canola
8Chpp21,0022-06-02,Pre-Bloom,Chipman2,2,SB,Apidae,Ceratina,Male,22,canola
9Chpp21,0022-06-02,Pre-Bloom,Chipman2,2,SB,Apidae,Ceratina,Male,22,canola
10Chpp21,0022-06-02,Pre-Bloom,Chipman2,2,SB,Apidae,Ceratina,Male,22,canola
11Chpp21,0022-06-02,Pre-Bloom,Chipman2,2,SB,Apidae,Ceratina,Male,22,canola
12Chpp21,0022-06-02,Pre-Bloom,Chipman2,2,SB,Apidae,Ceratina,Male,22,canola
13Chpp21,0022-06-02,Pre-Bloom,Chipman2,2,SB,Apidae,Ceratina,Male,22,canola
14Chpp21,0022-06-02,Pre-Bloom,Chipman2,2,SB,Apidae,Ceratina,Male,22,canola
15Chpp21,0022-06-02,Pre-Bloom,Chipman2,2,SB,Apidae,Ceratina,Male,22,canola
16Chpp21,0022-06-02,Pre-Bloom,Chipman2,2,SB,Apidae,Ceratina,Male,22,canola
17Chpp21,0022-06-02,Pre-Bloom,Chipman2,2,SB,Apidae,Ceratina,Female,22,canola
18Chpp21,0022-06-02,Pre-Bloom,Chipman2,2,SB,Apidae,Ceratina,Female,22,canola
19Chpp21,0022-06-02,Pre-Bloom,Chipman2,2,SB,Apidae,Ceratina,Female,22,canola
20Chpp21,0022-06-02,Pre-Bloom,Chipman2,2,SB,Apidae,Ceratina,Female,22,canola
21Chpp21,0022-06-02,Pre-Bloom,Chipman2,2,SB,Apidae,Ceratina,Female,22,canola
22Chpp21,0022-06-02,Pre-Bloom,Chipman2,2,SB,Apidae,Ceratina,Female,22,canola
23Chpp21,0022-06-02,Pre-Bloom,Chipman2,2,SB,Apidae,Ceratina,Female,22,canola
24Chpp21,0022-06-02,Pre-Bloom,Chipman2,2,SB,Apidae,Ceratina,Female,22,canola
25Chpp21,0022-06-02,Pre-Bloom,Chipman2,2,SB,Apidae,Ceratina,Male,22,canola
26Chpp21,0022-06-02,Pre-Bloom,Chipman2,2,SB,Apidae,Ceratina,Male,22,canola
27Chpp21,0022-06-02,Pre-Bloom,Chipman2,2,SB,Apidae,Ceratina,Male,22,canola
28Chpp21,0022-06-02,Pre-Bloom,Chipman2,2,SB,Apidae,Ceratina,Male,22,canola
29Chpp21,0022-06-02,Pre-Bloom,Chipman2,2,SB,Apidae,Ceratina,Male,22,canola
30Chpp21,0022-06-02,Pre-Bloom,Chipman2,2,SB,Apidae,Ceratina,Male,22,canola
31Chpp21,0022-06-02,Pre-Bloom,Chipman2,2,SB,Apidae,Ceratina,Male,22,canola
32Chpp21,0022-06-02,Pre-Bloom,Chipman2,2,SB,Apidae,Ceratina,Male,22,canola
33Chpp21,0022-06-02,Pre-Bloom,Chipman2,2,SB,Apidae,Ceratina,Male,22,canola
34Chpp21,0022-06-02,Pre-Bloom,Chipman2,2,SB,Apidae,Ceratina,Male,22,canola
35Chpp21,0022-06-02,Pre-Bloom,Chipman2,2,SB,Apidae,Ceratina,Male,22,canola
36Chpp21,0022-06-02,Pre-Bloom,Chipman2,2,SB,Apidae,Ceratina,Male,22,canola
37Chpp21,0022-06-02,Pre-Bloom,Chipman2,2,SB,Apidae,Ceratina,Male,22,canola
38Chpp21,0022-06-02,Pre-Bloom,Chipman2,2,SB,Apidae,Ceratina,Male,22,canola
39Chpp21,0022-06-02,Pre-Bloom,Chipman2,2,SB,Apidae,Ceratina,Male,22,canola
40Chpp21,0022-06-02,Pre-Bloom,Chipman2,2,SB,Apidae,Ceratina,Male,22,canola
41Chpp21,0022-06-02,Pre-Bloom,Chipman2,2,SB,Apidae,Ceratina,Male,22,canola
42Chpp21,0022-06-02,Pre-Bloom,Chipman2,2,SB,Apidae,Nomada,,22,canola
43Chpp21,0022-06-02,Pre-Bloom,Chipman2,2,SB,Apidae,Ceratina,Female,22,canola
44Chpp21,0022-06-02,Pre-Bloom,Chipman2,2,SB,Apidae,Ceratina,Female,22,canola
45Chpp21,0022-06-02,Pre-Bloom,Chipman2,2,SB,Apidae,Ceratina,Female,22,canola
46Chpp21,0022-06-02,Pre-Bloom,Chipman2,2,SB,Apidae,Ceratina,Female,22,canola
47Chpp21,0022-06-02,Pre-Bloom,Chipman2,2,SB,Apidae,Ceratina,Female,22,canola
48Chpp21,0022-06-02,Pre-Bloom,Chipman2,2,SB,Apidae,Ceratina,Female,22,canola
49Chpp21,0022-06-02,Pre-Bloom,Chipman2,2,SB,Apidae,Ceratina,Female,22,canola
50Chpp21,0022-06-02,Pre-Bloom,Chipman2,2,SB,Apidae,Ceratina,Female,22,canola
51Chpp21,0022-06-02,Pre-Bloom,Chipman2,2,SB,Apidae,Ceratina,Female,22,canola
52Chpp21,0022-06-02,Pre-Bloom,Chipman2,2,SB,Apidae,Ceratina,Female,22,canola
53Chpp21,0022-06-02,Pre-Bloom,Chipman2,2,SB,Apidae,Ceratina,Female,22,canola
54Chpp21,0022-06-02,Pre-Bloom,Chipman2,2,SB,Apidae,Ceratina,Female,22,canola
55Chpp21,0022-06-02,Pre-Bloom,Chipman2,2,SB,Apidae,Ceratina,Female,22,canola
56Chpp21,0022-06-02,Pre-Bloom,Chipman2,2,SB,Apidae,Ceratina,Female,22,canola
57Chpp21,0022-06-02,Pre-Bloom,Chipman2,2,OLB,Andrenidae,Andrena,Male,22,canola
58Chpp21,0022-06-02,Pre-Bloom,Chipman2,2,OLB,Andrenidae,Andrena,,22,canola
59Chpp21,0022-06-02,Pre-Bloom,Chipman2,2,SB,Apidae,Ceratina,Female,22,canola
60Chpp21,0022-06-02,Pre-Bloom,Chipman2,2,SB,Apidae,Ceratina,Female,22,canola
61Chpp21,0022-06-02,Pre-Bloom,Chipman2,2,SB,Apidae,Ceratina,Female,22,canola
62Chpp21,0022-06-02,Pre-Bloom,Chipman2,2,SB,Apidae,Ceratina,Female,22,canola
63Chpp21,0022-06-02,Pre-Bloom,Chipman2,2,SB,Apidae,Ceratina,Female,22,canola
64Chpp21,0022-06-02,Pre-Bloom,Chipman2,2,SB,Apidae,Ceratina,Female,22,canola
65Chpp21,0022-06-02,Pre-Bloom,Chipman2,2,SB,Apidae,Ceratina,Female,22,canola
66Chpp21,0022-06-02,Pre-Bloom,Chipman2,2,SB,Apidae,Ceratina,Female,22,canola
67Chpp21,0022-06-02,Pre-Bloom,Chipman2,2,SB,Apidae,Ceratina,Female,22,canola
68Chpp21,0022-06-02,Pre-Bloom,Chipman2,2,SB,Apidae,Ceratina,Female,22,canola
69Chpp21,0022-06-02,Pre-Bloom,Chipman2,2,SB,Apidae,Ceratina,Female,22,canola
70Chpp21,0022-06-02,Pre-Bloom,Chipman2,2,SB,Apidae,Ceratina,Female,22,canola
71Chpp21,0022-06-02,Pre-Bloom,Chipman2,2,SB,Apidae,Ceratina,Female,22,canola
72Chpp21,0022-06-02,Pre-Bloom,Chipman2,2,SB,Apidae,Ceratina,Female,22,canola
73Chpp21,0022-06-02,Pre-Bloom,Chipman2,2,SB,Apidae,Ceratina,Male,22,canola
74Chpp21,0022-06-02,Pre-Bloom,Chipman2,2,SB,Apidae,Ceratina,Male,22,canola
75Chpp21,0022-06-02,Pre-Bloom,Chipman2,2,SB,Apidae,Ceratina,Male,22,canola
76Chpp21,0022-06-02,Pre-Bloom,Chipman2,2,SB,Apidae,Ceratina,Male,22,canola
77Chpp21,0022-06-02,Pre-Bloom,Chipman2,2,SB,Apidae,Ceratina,Male,22,canola
78Chpp21,0022-06-02,Pre-Bloom,Chipman2,2,SB,Apidae,Ceratina,Male,22,canola
79Chpp21,0022-06-02,Pre-Bloom,Chipman2,2,SB,Apidae,Ceratina,Male,22,canola
80Chpp21,0022-06-02,Pre-Bloom,Chipman2,2,SB,Apidae,Ceratina,Male,22,canola
81Chpp21,0022-06-02,Pre-Bloom,Chipman2,2,SB,Apidae,Ceratina,Male,22,canola
82Chpp21,0022-06-02,Pre-Bloom,Chipman2,2,SB,Apidae,Ceratina,Male,22,canola
83Chpp21,0022-06-02,Pre-Bloom,Chipman2,2,SB,Apidae,Ceratina,Male,22,canola
84Chpp21,0022-06-02,Pre-Bloom,Chipman2,2,SB,Apidae,Ceratina,Male,22,canola
85Chpp21,0022-06-02,Pre-Bloom,Chipman2,2,SB,Apidae,Ceratina,Male,22,canola
86Chpp21,0022-06-02,Pre-Bloom,Chipman2,2,SB,Apidae,Ceratina,Male,22,canola
87Chpp21,0022-06-02,Pre-Bloom,Chipman2,2,SB,Apidae,Ceratina,Male,22,canola
88Chpp21,0022-06-02,Pre-Bloom,Chipman2,2,SB,Apidae,Ceratina,Male,22,canola
89Chpp21,0022-06-02,Pre-Bloom,Chipman2,2,SB,Apidae,Ceratina,Male,22,canola
90Chpp21,0022-06-02,Pre-Bloom,Chipman2,2,SB,Apidae,Ceratina,Male,22,canola
91Chpp21,0022-06-02,Pre-Bloom,Chipman2,2,SB,Apidae,Ceratina,Male,22,canola
92Chpp21,0022-06-02,Pre-Bloom,Chipman2,2,SB,Apidae,Ceratina,Male,22,canola
93Chpp21,0022-06-02,Pre-Bloom,Chipman2,2,SB,Apidae,Ceratina,Male,22,canola
94Chpp21,0022-06-02,Pre-Bloom,Chipman2,2,SB,Apidae,Ceratina,Male,22,canola
95Chpp21,0022-06-02,Pre-Bloom,Chipman2,2,SB,Apidae,Ceratina,Male,22,canola
96Chpp21,0022-06-02,Pre-Bloom,Chipman2,2,SB,Apidae,Ceratina,Male,22,canola
97Chpp21,0022-06-02,Pre-Bloom,Chipman2,2,SB,Apidae,Ceratina,Male,22,canola
98Chpp21,0022-06-02,Pre-Bloom,Chipman2,2,SB,Apidae,Ceratina,Male,22,canola
99Chpp21,0022-06-02,Pre-Bloom,Chipman2,2,SB,Apidae,Ceratina,Male,22,canola
100Chpp21,0022-06-02,Pre-Bloom,Chipman2,2,SB,Apidae,Ceratina,Male,22,canola
101Chpp21,0022-06-02,Pre-Bloom,Chipman2,2,SB,Apidae,Ceratina,Abdomen missing, recovered,22,canola
102Chpp21,0022-06-02,Pre-Bloom,Chipman2,2,SB,Apidae,Ceratina,Head missing,22,canola
103Chpp21,0022-06-02,Pre-Bloom,Chipman2,2,SB,Apidae,Ceratina,Head missing, recovered,22,canola
104Chpp21,0022-06-02,Pre-Bloom,Chipman2,2,SB,Apidae,Ceratina,Head missing, recovered,22,canola
105Chpp21,0022-06-02,Pre-Bloom,Chipman2,2,SB,Apidae,Ceratina,Head missing, recovered,22,canola
106Chpp21,0022-06-02,Pre-Bloom,Chipman2,2,SB,Apidae,Ceratina,Head missing, recovered,22,canola
1Chp11,0022-06-02,Pre-Bloom,Chipman1,1,SB,Apidae,Ceratina,Male,22,canola
2Chp11,0022-06-02,Pre-Bloom,Chipman1,1,SB,Apidae,Ceratina,Male,22,canola
3Chp11,0022-06-02,Pre-Bloom,Chipman1,1,SB,Apidae,Ceratina,Male,22,canola
4Chp11,0022-06-02,Pre-Bloom,Chipman1,1,SB,Apidae,Ceratina,Male,22,canola
5Chp11,0022-06-02,Pre-Bloom,Chipman1,1,SB,Apidae,Ceratina,Male,22,canola
6Chp11,0022-06-02,Pre-Bloom,Chipman1,1,SB,Apidae,Ceratina,Male,22,canola
7Chp11,0022-06-02,Pre-Bloom,Chipman1,1,SB,Apidae,Ceratina,Male,22,canola
8Chp11,0022-06-02,Pre-Bloom,Chipman1,1,SB,Apidae,Ceratina,Male,22,canola
9Chp11,0022-06-02,Pre-Bloom,Chipman1,1,SB,Apidae,Ceratina,Male,22,canola
10Chp11,0022-06-02,Pre-Bloom,Chipman1,1,SB,Apidae,Ceratina,Male,22,canola
11Chp11,0022-06-02,Pre-Bloom,Chipman1,1,SB,Apidae,Ceratina,Male,22,canola
12Chp11,0022-06-02,Pre-Bloom,Chipman1,1,SB,Apidae,Ceratina,Male,22,canola
13Chp11,0022-06-02,Pre-Bloom,Chipman1,1,SB,Apidae,Ceratina,Male,22,canola
14Chp11,0022-06-02,Pre-Bloom,Chipman1,1,SB,Apidae,Ceratina,Male,22,canola
15Chp11,0022-06-02,Pre-Bloom,Chipman1,1,SB,Apidae,Ceratina,Male,22,canola
16Chp11,0022-06-02,Pre-Bloom,Chipman1,1,SB,Apidae,Ceratina,Male,22,canola
17Chp11,0022-06-02,Pre-Bloom,Chipman1,1,SB,Apidae,Ceratina,Male,22,canola
18Chp11,0022-06-02,Pre-Bloom,Chipman1,1,SB,Apidae,Ceratina,Male,22,canola
19Chp11,0022-06-02,Pre-Bloom,Chipman1,1,SB,Apidae,Ceratina,Male,22,canola
20Chp11,0022-06-02,Pre-Bloom,Chipman1,1,SB,Apidae,Ceratina,Male,22,canola
21Chp11,0022-06-02,Pre-Bloom,Chipman1,1,SB,Apidae,Ceratina,Male,22,canola
22Chp11,0022-06-02,Pre-Bloom,Chipman1,1,SB,Apidae,Ceratina,Male,22,canola
23Chp11,0022-06-02,Pre-Bloom,Chipman1,1,SB,Apidae,Ceratina,Male,22,canola
24Chp11,0022-06-02,Pre-Bloom,Chipman1,1,SB,Apidae,Ceratina,Male,22,canola
25Chp11,0022-06-02,Pre-Bloom,Chipman1,1,SB,Apidae,Ceratina,Male,22,canola
26Chp11,0022-06-02,Pre-Bloom,Chipman1,1,SB,Apidae,Ceratina,Male,22,canola
27Chp11,0022-06-02,Pre-Bloom,Chipman1,1,SB,Apidae,Ceratina,Male,22,canola
28Chp11,0022-06-02,Pre-Bloom,Chipman1,1,SB,Apidae,Ceratina,Male,22,canola
29Chp11,0022-06-02,Pre-Bloom,Chipman1,1,SB,Apidae,Ceratina,Male,22,canola
30Chp11,0022-06-02,Pre-Bloom,Chipman1,1,SB,Apidae,Ceratina,Male,22,canola
31Chp11,0022-06-02,Pre-Bloom,Chipman1,1,SB,Apidae,Ceratina,Female,22,canola
32Chp11,0022-06-02,Pre-Bloom,Chipman1,1,SB,Apidae,Ceratina,Male, abdomen missing,22,canola
33Chp11,0022-06-02,Pre-Bloom,Chipman1,1,SB,Apidae,Ceratina,Male, abdomen missing,22,canola
34Chp11,0022-06-02,Pre-Bloom,Chipman1,1,OLB,Andrenidae,Andrena,,22,canola
1Chp21,0022-06-02,Pre-Bloom,Chipman1,2,SB,Apidae,Ceratina,Male,22,canola
2Chp21,0022-06-02,Pre-Bloom,Chipman1,2,SB,Apidae,Nomada,,22,canola
3Chp21,0022-06-02,Pre-Bloom,Chipman1,2,OLB,Andrenidae,Andrena,,22,canola
4Chp21,0022-06-02,Pre-Bloom,Chipman1,2,SB,Apidae,Ceratina,Male,22,canola
5Chp21,0022-06-02,Pre-Bloom,Chipman1,2,SB,Apidae,Ceratina,Missing head,22,canola
6Chp21,0022-06-02,Pre-Bloom,Chipman1,2,SB,Halictidae,Lasioglossum,,22,canola
7Chp21,0022-06-02,Pre-Bloom,Chipman1,2,SB,Apidae,Ceratina,Male,22,canola
8Chp21,0022-06-02,Pre-Bloom,Chipman1,2,SB,Apidae,Ceratina,Male,22,canola
9Chp21,0022-06-02,Pre-Bloom,Chipman1,2,SB,Apidae,Ceratina,Male,22,canola
10Chp21,0022-06-02,Pre-Bloom,Chipman1,2,SB,Apidae,Ceratina,Male,22,canola
11Chp21,0022-06-02,Pre-Bloom,Chipman1,2,SB,Apidae,Ceratina,Male,22,canola
12Chp21,0022-06-02,Pre-Bloom,Chipman1,2,SB,Apidae,Ceratina,Male, abdomen missing/recovered,22,canola
13Chp21,0022-06-02,Pre-Bloom,Chipman1,2,SB,Apidae,Ceratina,Male,22,canola
14Chp21,0022-06-02,Pre-Bloom,Chipman1,2,SB,Apidae,Ceratina,Head missing/recovered,22,canola
15Chp21,0022-06-02,Pre-Bloom,Chipman1,2,SB,Apidae,Ceratina,Male,22,canola
16Chp21,0022-06-02,Pre-Bloom,Chipman1,2,SB,Apidae,Ceratina,Male,22,canola
1Chp31,0022-06-02,Pre-Bloom,Chipman1,3,SB,Apidae,Ceratina,Male,22,canola
2Chp31,0022-06-02,Pre-Bloom,Chipman1,3,SB,Apidae,Ceratina,Female,22,canola
3Chp31,0022-06-02,Pre-Bloom,Chipman1,3,SB,Apidae,Ceratina,Male,22,canola
4Chp31,0022-06-02,Pre-Bloom,Chipman1,3,SB,Apidae,Ceratina,Male,22,canola
5Chp31,0022-06-02,Pre-Bloom,Chipman1,3,SB,Apidae,Ceratina,Male,22,canola
6Chp31,0022-06-02,Pre-Bloom,Chipman1,3,OLB,Andrenidae,Andrena,Abdomen missing/recovered,22,canola
7Chp31,0022-06-02,Pre-Bloom,Chipman1,3,SB,Apidae,Nomada,,22,canola
8Chp31,0022-06-02,Pre-Bloom,Chipman1,3,OLB,Andrenidae,Andrena,,22,canola
9Chp31,0022-06-02,Pre-Bloom,Chipman1,3,SB,Apidae,Ceratina,Male,22,canola
10Chp31,0022-06-02,Pre-Bloom,Chipman1,3,SB,Apidae,Ceratina,Male,22,canola
11Chp31,0022-06-02,Pre-Bloom,Chipman1,3,OLB,Halictidae,Lasioglossum,,22,canola
12Chp31,0022-06-02,Pre-Bloom,Chipman1,3,SB,Apidae,Ceratina,Male,22,canola
13Chp31,0022-06-02,Pre-Bloom,Chipman1,3,SB,Apidae,Ceratina,Male,22,canola
14Chp31,0022-06-02,Pre-Bloom,Chipman1,3,SB,Apidae,Ceratina,Male,22,canola
15Chp31,0022-06-02,Pre-Bloom,Chipman1,3,SB,Apidae,Ceratina,Male,22,canola
16Chp31,0022-06-02,Pre-Bloom,Chipman1,3,SB,Apidae,Ceratina,Male,22,canola
17Chp31,0022-06-02,Pre-Bloom,Chipman1,3,SB,Apidae,Ceratina,Male,22,canola
18Chp31,0022-06-02,Pre-Bloom,Chipman1,3,SB,Apidae,Ceratina,Male,22,canola
19Chp31,0022-06-02,Pre-Bloom,Chipman1,3,SB,Apidae,Ceratina,Male,22,canola
20Chp31,0022-06-02,Pre-Bloom,Chipman1,3,SB,Apidae,Ceratina,Male,22,canola
21Chp31,0022-06-02,Pre-Bloom,Chipman1,3,SB,Apidae,Ceratina,Male,22,canola
1Chp41,0022-06-02,Pre-Bloom,Chipman1,4,SB,Apidae,Nomada,,22,canola
2Chp41,0022-06-02,Pre-Bloom,Chipman1,4,OLB,Andrenidae,Andrena,,22,canola
3Chp41,0022-06-02,Pre-Bloom,Chipman1,4,SB,Apidae,Nomada,,22,canola
4Chp41,0022-06-02,Pre-Bloom,Chipman1,4,OLB,Andrenidae,Andrena,,22,canola
5Chp41,0022-06-02,Pre-Bloom,Chipman1,4,SB,Apidae,Ceratina,Male,22,canola
6Chp41,0022-06-02,Pre-Bloom,Chipman1,4,OLB,Andrenidae,Andrena,,22,canola
7Chp41,0022-06-02,Pre-Bloom,Chipman1,4,SB,Halictidae,Lasioglossum,,22,canola
8Chp41,0022-06-02,Pre-Bloom,Chipman1,4,SB,Apidae,Ceratina,Male,22,canola
9Chp41,0022-06-02,Pre-Bloom,Chipman1,4,SB,Apidae,Ceratina,Male,22,canola
1Ck12,0022-06-28,Peak-Bloom,Clark1,1,OLB,Apidae,Nomada,,26,canola
2Ck12,0022-06-28,Peak-Bloom,Clark1,1,SB,Apidae,Ceratina,Female,26,canola
3Ck12,0022-06-28,Peak-Bloom,Clark1,1,SB,Apidae,Ceratina,Female,26,canola
4Ck12,0022-06-28,Peak-Bloom,Clark1,1,SB,Apidae,Ceratina,Male,26,canola
5Ck12,0022-06-28,Peak-Bloom,Clark1,1,SB,Apidae,Ceratina,Female,26,canola
6Ck12,0022-06-28,Peak-Bloom,Clark1,1,SB,Halictidae,Halictus,,26,canola
7Ck12,0022-06-28,Peak-Bloom,Clark1,1,SB,Halictidae,Halictus,,26,canola
8Ck12,0022-06-28,Peak-Bloom,Clark1,1,SB,Halictidae,Halictus,,26,canola
9Ck12,0022-06-28,Peak-Bloom,Clark1,1,SB,Halictidae,Lasioglossum,,26,canola
10Ck12,0022-06-28,Peak-Bloom,Clark1,1,SB,Halictidae,Lasioglossum,,26,canola
1Ck22,0022-06-28,Peak-Bloom,Clark1,2,OLB,Megachilidae,Megachile,,26,canola
2Ck22,0022-06-28,Peak-Bloom,Clark1,2,SB,Apidae,Ceratina,Female,26,canola
3Ck22,0022-06-28,Peak-Bloom,Clark1,2,SB,Apidae,Ceratina,,26,canola
4Ck22,0022-06-28,Peak-Bloom,Clark1,2,SB,Apidae,Ceratina,Female,26,canola
5Ck22,0022-06-28,Peak-Bloom,Clark1,2,SB,Apidae,Ceratina,Female,26,canola
6Ck22,0022-06-28,Peak-Bloom,Clark1,2,SB,Apidae,Ceratina,Female,26,canola
7Ck22,0022-06-28,Peak-Bloom,Clark1,2,SB,Apidae,Ceratina,Female,26,canola
8Ck22,0022-06-28,Peak-Bloom,Clark1,2,SB,Apidae,Ceratina,Female,26,canola
9Ck22,0022-06-28,Peak-Bloom,Clark1,2,OLB,Andrenidae,Andrena,,26,canola
10Ck22,0022-06-28,Peak-Bloom,Clark1,2,SB,Colletidae,Hylaeus,,26,canola
11Ck22,0022-06-28,Peak-Bloom,Clark1,2,SB,Halictidae,Halictus,,26,canola
12Ck22,0022-06-28,Peak-Bloom,Clark1,2,SB,Halictidae,Lasioglossum,,26,canola
1Ck32,0022-06-28,Peak-Bloom,Clark1,3,SB,Apidae,Nomada,,26,canola
2Ck32,0022-06-28,Peak-Bloom,Clark1,3,SB,Halictidae,Sphecodes,,26,canola
3Ck32,0022-06-28,Peak-Bloom,Clark1,3,OLB,Andrenidae,Andrena,Male,26,canola
4Ck32,0022-06-28,Peak-Bloom,Clark1,3,OLB,Andrenidae,Andrena,Male,26,canola
1Ck42,0022-06-28,Peak-Bloom,Clark1,4,SB,Halictidae,Lasioglossum,,26,canola
2Ck42,0022-06-28,Peak-Bloom,Clark1,4,SB,Apidae,Nomada,,26,canola
3Ck42,0022-06-28,Peak-Bloom,Clark1,4,SB,Halictidae,Lasioglossum,,26,canola
4Ck42,0022-06-28,Peak-Bloom,Clark1,4,OLB,Andrenidae,Andrena,,26,canola
5Ck42,0022-06-28,Peak-Bloom,Clark1,4,OLB,Andrenidae,Andrena,Male,26,canola
6Ck42,0022-06-28,Peak-Bloom,Clark1,4,SB,Halictidae,Lasioglossum,,26,canola
1Aso11,0022-06-08,Pre-Bloom,Asotin,1,SB,Apidae,Nomada,,23,canola
2Aso11,0022-06-08,Pre-Bloom,Asotin,1,SB,Apidae,Ceratina,Male,23,canola
3Aso11,0022-06-08,Pre-Bloom,Asotin,1,SB,Apidae,Ceratina,Male,23,canola
4Aso11,0022-06-08,Pre-Bloom,Asotin,1,SB,Apidae,Ceratina,Male,23,canola
1Aso21,0022-06-08,Pre-Bloom,Asotin,2,SB,Apidae,Ceratina,Male,23,canola
2Aso21,0022-06-08,Pre-Bloom,Asotin,2,SB,Halictidae,Halictus,,23,canola
2Aso31,0022-06-08,Pre-Bloom,Asotin,3,OLB,Apidae,Anthophora,,23,canola
3Aso31,0022-06-08,Pre-Bloom,Asotin,3,OLB,Andrenidae,Andrena,Male,23,canola
4Aso31,0022-06-08,Pre-Bloom,Asotin,3,OLB,Andrenidae,Andrena,,23,canola
5Aso31,0022-06-08,Pre-Bloom,Asotin,3,OLB,Andrenidae,Andrena,,23,canola
6Aso31,0022-06-08,Pre-Bloom,Asotin,3,OLB,Halictidae,Halictus,,23,canola
7Aso31,0022-06-08,Pre-Bloom,Asotin,3,SB,Halictidae,Lasioglossum,,23,canola
8Aso31,0022-06-08,Pre-Bloom,Asotin,3,SB,Apidae,Ceratina,Female,23,canola
9Aso31,0022-06-08,Pre-Bloom,Asotin,3,SB,Apidae,Ceratina,Male,23,canola
10Aso31,0022-06-08,Pre-Bloom,Asotin,3,SB,Apidae,Ceratina,Male,23,canola
11Aso31,0022-06-08,Pre-Bloom,Asotin,3,SB,Halictidae,Lasioglossum,,23,canola
1Aso41,0022-06-08,Pre-Bloom,Asotin,4,OLB,Andrenidae,Andrena,Head missing/recovered,23,canola
2Aso41,0022-06-08,Pre-Bloom,Asotin,4,OLB,Apidae,Nomada,,23,canola
3Aso41,0022-06-08,Pre-Bloom,Asotin,4,SB,Apidae,Nomada,,23,canola
4Aso41,0022-06-08,Pre-Bloom,Asotin,4,GB,Megachilidae,Osmia,,23,canola
5Aso41,0022-06-08,Pre-Bloom,Asotin,4,SB,Halictidae,Sphecodes,,23,canola
6Aso41,0022-06-08,Pre-Bloom,Asotin,4,SB,Apidae,Nomada,,23,canola
7Aso41,0022-06-08,Pre-Bloom,Asotin,4,OLB,Andrenidae,Andrena,Male,23,canola
8Aso41,0022-06-08,Pre-Bloom,Asotin,4,OLB,Andrenidae,Andrena,,23,canola
9Aso41,0022-06-08,Pre-Bloom,Asotin,4,OLB,Andrenidae,Andrena,,23,canola
10Aso41,0022-06-08,Pre-Bloom,Asotin,4,OLB,Andrenidae,Andrena,,23,canola
11Aso41,0022-06-08,Pre-Bloom,Asotin,4,OLB,Andrenidae,Andrena,,23,canola
12Aso41,0022-06-08,Pre-Bloom,Asotin,4,OLB,Andrenidae,Andrena,,23,canola
13Aso41,0022-06-08,Pre-Bloom,Asotin,4,OLB,Andrenidae,Andrena,,23,canola
14Aso41,0022-06-08,Pre-Bloom,Asotin,4,OLB,Andrenidae,Andrena,,23,canola
15Aso41,0022-06-08,Pre-Bloom,Asotin,4,OLB,Andrenidae,Andrena,,23,canola
16Aso41,0022-06-08,Pre-Bloom,Asotin,4,OLB,Halictidae,Halictus,,23,canola
17Aso41,0022-06-08,Pre-Bloom,Asotin,4,SB,Apidae,Ceratina,Male,23,canola
18Aso41,0022-06-08,Pre-Bloom,Asotin,4,OLB,Andrenidae,Andrena,,23,canola
19Aso41,0022-06-08,Pre-Bloom,Asotin,4,OLB,Andrenidae,Andrena,,23,canola
20Aso41,0022-06-08,Pre-Bloom,Asotin,4,OLB,Andrenidae,Andrena,,23,canola
21Aso41,0022-06-08,Pre-Bloom,Asotin,4,SB,Halictidae,Lasioglossum,,23,canola
22Aso41,0022-06-08,Pre-Bloom,Asotin,4,SB,Halictidae,Lasioglossum,,23,canola
23Aso41,0022-06-08,Pre-Bloom,Asotin,4,SB,Halictidae,Lasioglossum,,23,canola
1Span11,0022-06-09,Pre-Bloom,Spangle,1,SB,Andrenidae,Andrena,,23,canola
2Span11,0022-06-09,Pre-Bloom,Spangle,1,SB,Andrenidae,Andrena,,23,canola
1Span21,0022-06-09,Pre-Bloom,Spangle,2,OLB,Andrenidae,Andrena,Male,23,canola
2Span21,0022-06-09,Pre-Bloom,Spangle,2,SB,Halictidae,Lasioglossum,,23,canola
3Span21,0022-06-09,Pre-Bloom,Spangle,2,OLB,Andrenidae,Andrena,,23,canola
1Span41,0022-06-09,Pre-Bloom,Spangle,4,SB,Andrenidae,Andrena,,23,canola
1Hut11,0022-06-22,Pre-Bloom,Hutchins,1,SB,Halictidae,Lasioglossum,,25,canola
2Hut11,0022-06-22,Pre-Bloom,Hutchins,1,SB,Apidae,Nomada,,25,canola
3Hut11,0022-06-22,Pre-Bloom,Hutchins,1,SB,Halictidae,Halictus,,25,canola
4Hut11,0022-06-22,Pre-Bloom,Hutchins,1,SB,Halictidae,Lasioglossum,,25,canola
5Hut11,0022-06-22,Pre-Bloom,Hutchins,1,SB,Halictidae,Lasioglossum,,25,canola
6Hut11,0022-06-22,Pre-Bloom,Hutchins,1,SB,Halictidae,Halictus,,25,canola
7Hut11,0022-06-22,Pre-Bloom,Hutchins,1,SB,Halictidae,Lasioglossum,,25,canola
8Hut11,0022-06-22,Pre-Bloom,Hutchins,1,SB,Halictidae,Halictus,,25,canola
9Hut11,0022-06-22,Pre-Bloom,Hutchins,1,SB,Halictidae,Halictus,,25,canola
10Hut11,0022-06-22,Pre-Bloom,Hutchins,1,OLB,Apidae,Melissodes,,25,canola
1Hut21,0022-06-22,Pre-Bloom,Hutchins,2,SB,Apidae,Ceratina,Male,25,canola
2Hut21,0022-06-22,Pre-Bloom,Hutchins,2,SB,Halictidae,Lasioglossum,,25,canola
3Hut21,0022-06-22,Pre-Bloom,Hutchins,2,OLB,Andrenidae,Andrena,,25,canola
1Hut31,0022-06-22,Pre-Bloom,Hutchins,3,OLB,Apidae,Nomada,,25,canola
2Hut31,0022-06-22,Pre-Bloom,Hutchins,3,OLB,Apidae,Nomada,,25,canola
3Hut31,0022-06-22,Pre-Bloom,Hutchins,3,SB,Apidae,Nomada,,25,canola
4Hut31,0022-06-22,Pre-Bloom,Hutchins,3,SB,Halictidae,Lasioglossum,,25,canola
5Hut31,0022-06-22,Pre-Bloom,Hutchins,3,SB,Halictidae,Halictus,,25,canola
6Hut31,0022-06-22,Pre-Bloom,Hutchins,3,SB,Halictidae,Lasioglossum,Abdomen missing,25,canola
1Hut41,0022-06-22,Pre-Bloom,Hutchins,4,OLB,Apidae,Nomada,,25,canola
2Hut41,0022-06-22,Pre-Bloom,Hutchins,4,OLB,Apidae,Nomada,,25,canola
3Hut41,0022-06-22,Pre-Bloom,Hutchins,4,OLB,Apidae,Nomada,,25,canola
4Hut41,0022-06-22,Pre-Bloom,Hutchins,4,OLB,Apidae,Melissodes,,25,canola
5Hut41,0022-06-22,Pre-Bloom,Hutchins,4,SB,Halictidae,Halictus,,25,canola
6Hut41,0022-06-22,Pre-Bloom,Hutchins,4,SB,Halictidae,Halictus,,25,canola
7Hut41,0022-06-22,Pre-Bloom,Hutchins,4,SB,Halictidae,Halictus,,25,canola
8Hut41,0022-06-22,Pre-Bloom,Hutchins,4,SB,Halictidae,Halictus,,25,canola
9Hut41,0022-06-22,Pre-Bloom,Hutchins,4,SB,Halictidae,Halictus,,25,canola
10Hut41,0022-06-22,Pre-Bloom,Hutchins,4,SB,Halictidae,Halictus,,25,canola
11Hut41,0022-06-22,Pre-Bloom,Hutchins,4,SB,Halictidae,Halictus,,25,canola
12Hut41,0022-06-22,Pre-Bloom,Hutchins,4,SB,Halictidae,Halictus,,25,canola
13Hut41,0022-06-22,Pre-Bloom,Hutchins,4,SB,Halictidae,Halictus,,25,canola
14Hut41,0022-06-22,Pre-Bloom,Hutchins,4,SB,Halictidae,Halictus,,25,canola
15Hut41,0022-06-22,Pre-Bloom,Hutchins,4,SB,Halictidae,Lasioglossum,,25,canola
16Hut41,0022-06-22,Pre-Bloom,Hutchins,4,SB,Halictidae,Halictus,,25,canola
17Hut41,0022-06-22,Pre-Bloom,Hutchins,4,SB,Halictidae,Halictus,,25,canola
18Hut41,0022-06-22,Pre-Bloom,Hutchins,4,SB,Halictidae,Halictus,,25,canola
1Ckk12,0022-06-27,Peak-Bloom,Clark2,1,SB,Apidae,Nomada,,26,canola
2Ckk12,0022-06-27,Peak-Bloom,Clark2,1,SB,Apidae,Nomada,,26,canola
3Ckk12,0022-06-27,Peak-Bloom,Clark2,1,GB,Megachilidae,Osmia,,26,canola
4Ckk12,0022-06-27,Peak-Bloom,Clark2,1,SB,Andrenidae,Andrena,,26,canola
1Ckk22,0022-06-27,Peak-Bloom,Clark2,2,SB,Apidae,Nomada,,26,canola
2Ckk22,0022-06-27,Peak-Bloom,Clark2,2,SB,Apidae,Nomada,,26,canola
3Ckk22,0022-06-27,Peak-Bloom,Clark2,2,SB,Halictidae,Sphecodes,,26,canola
4Ckk22,0022-06-27,Peak-Bloom,Clark2,2,SB,Apidae,Ceratina,,26,canola
5Ckk22,0022-06-27,Peak-Bloom,Clark2,2,GB,Megachilidae,Osmia,,26,canola
6Ckk22,0022-06-27,Peak-Bloom,Clark2,2,SB,Andrenidae,Andrena,,26,canola
1Ckk32,0022-06-27,Peak-Bloom,Clark2,3,SB,Apidae,Ceratina,,26,canola
2Ckk32,0022-06-27,Peak-Bloom,Clark2,3,SB,Andrenidae,Andrena,,26,canola
3Ckk32,0022-06-27,Peak-Bloom,Clark2,3,SB,Halictidae,Sphecodes,,26,canola
4Ckk32,0022-06-27,Peak-Bloom,Clark2,3,SB,Colletidae,Hylaeus,,26,canola
5Ckk32,0022-06-27,Peak-Bloom,Clark2,3,OLB,Andrenidae,Andrena,,26,canola
6Ckk32,0022-06-27,Peak-Bloom,Clark2,3,GB,Megachilidae,Osmia,,26,canola
7Ckk32,0022-06-27,Peak-Bloom,Clark2,3,SB,Andrenidae,Andrena,,26,canola
8Ckk32,0022-06-27,Peak-Bloom,Clark2,3,SB,Andrenidae,Andrena,,26,canola
9Ckk32,0022-06-27,Peak-Bloom,Clark2,3,SB,Apidae,Ceratina,,26,canola
10Ckk32,0022-06-27,Peak-Bloom,Clark2,3,SB,Halictidae,Lasioglossum,,26,canola
1Ckk42,0022-06-27,Peak-Bloom,Clark2,3,SB,Apidae,Ceratina,,26,canola
2Ckk42,0022-06-27,Peak-Bloom,Clark2,3,SB,Apidae,Ceratina,,26,canola
1Kam13,0022-07-19,Post-Bloom,Kamiak,1,BB,Apidae,Bombus,,29,canola
2Kam13,0022-07-19,Post-Bloom,Kamiak,1,SB,Halictidae,Lasioglossum,,29,canola
1Kam23,0022-07-19,Post-Bloom,Kamiak,2,SB,Halictidae,Lasioglossum,,29,canola
2Kam23,0022-07-19,Post-Bloom,Kamiak,2,SB,Colletidae,Hylaeus,,29,canola
3Kam23,0022-07-19,Post-Bloom,Kamiak,2,SB,Halictidae,Lasioglossum,,29,canola
4Kam23,0022-07-19,Post-Bloom,Kamiak,2,SB,Colletidae,Colletes,,29,canola
5Kam23,0022-07-19,Post-Bloom,Kamiak,2,SB,Halictidae,Dufourea,,29,canola
6Kam23,0022-07-19,Post-Bloom,Kamiak,2,SB,Halictidae,Dufourea,,29,canola
2Kam33,0022-07-19,Post-Bloom,Kamiak,3,SB,Halictidae,Lasioglossum,,29,canola
3Kam33,0022-07-19,Post-Bloom,Kamiak,3,SB,Apidae,Ceratina,,29,canola
4Kam33,0022-07-19,Post-Bloom,Kamiak,3,SB,Halictidae,Lasioglossum,,29,canola
5Kam33,0022-07-19,Post-Bloom,Kamiak,3,SB,Halictidae,Dufourea,,29,canola
6Kam33,0022-07-19,Post-Bloom,Kamiak,3,SB,Megachilidae,Megachile,,29,canola
1Kam43,0022-07-19,Post-Bloom,Kamiak,4,SB,Apidae,Nomada,,29,canola
2Kam43,0022-07-19,Post-Bloom,Kamiak,4,OLB,Megachilidae,Megachile,,29,canola
3Kam43,0022-07-19,Post-Bloom,Kamiak,4,GB,Halictidae,Agapostemon,,29,canola
4Kam43,0022-07-19,Post-Bloom,Kamiak,4,OLB,Andrenidae,Andrena,,29,canola
5Kam43,0022-07-19,Post-Bloom,Kamiak,4,OLB,Andrenidae,Andrena,Abdomen missing/recovered,29,canola
6Kam43,0022-07-19,Post-Bloom,Kamiak,4,OLB,Halictidae,Lasioglossum,,29,canola
7Kam43,0022-07-19,Post-Bloom,Kamiak,4,OLB,Megachilidae,Osmia,,29,canola
1Kam11,0022-06-15,Pre-Bloom,Kamiak,1,OLB,Apidae,Nomada,,24,canola
2Kam11,0022-06-15,Pre-Bloom,Kamiak,1,OLB,Apidae,Nomada,,24,canola
3Kam11,0022-06-15,Pre-Bloom,Kamiak,1,OLB,Apidae,Nomada,,24,canola
4Kam11,0022-06-15,Pre-Bloom,Kamiak,1,HB,Apidae,Apis,,24,canola
5Kam11,0022-06-15,Pre-Bloom,Kamiak,1,SB,Andrenidae,Protandrena,,24,canola
6Kam11,0022-06-15,Pre-Bloom,Kamiak,1,SB,Andrenidae,Protandrena,,24,canola
7Kam11,0022-06-15,Pre-Bloom,Kamiak,1,SB,Andrenidae,Protandrena,,24,canola
8Kam11,0022-06-15,Pre-Bloom,Kamiak,1,SB,Andrenidae,Protandrena,,24,canola
9Kam11,0022-06-15,Pre-Bloom,Kamiak,1,SB,Andrenidae,Protandrena,,24,canola
10Kam11,0022-06-15,Pre-Bloom,Kamiak,1,SB,Andrenidae,Protandrena,,24,canola
11Kam11,0022-06-15,Pre-Bloom,Kamiak,1,SB,Andrenidae,Protandrena,,24,canola
12Kam11,0022-06-15,Pre-Bloom,Kamiak,1,SB,Andrenidae,Protandrena,,24,canola
13Kam11,0022-06-15,Pre-Bloom,Kamiak,1,SB,Apidae,Ceratina,Male,24,canola
14Kam11,0022-06-15,Pre-Bloom,Kamiak,1,SB,Andrenidae,Protandrena,,24,canola
15Kam11,0022-06-15,Pre-Bloom,Kamiak,1,OLB,Andrenidae,Andrena,,24,canola
16Kam11,0022-06-15,Pre-Bloom,Kamiak,1,OLB,Andrenidae,Andrena,,24,canola
17Kam11,0022-06-15,Pre-Bloom,Kamiak,1,OLB,Apidae,Melissodes,,24,canola
18Kam11,0022-06-15,Pre-Bloom,Kamiak,1,SB,Andrenidae,Protandrena,Male,24,canola
19Kam11,0022-06-15,Pre-Bloom,Kamiak,1,SB,Andrenidae,Protandrena,Male,24,canola
20Kam11,0022-06-15,Pre-Bloom,Kamiak,1,SB,Andrenidae,Protandrena,head missing,24,canola
21Kam11,0022-06-15,Pre-Bloom,Kamiak,1,SB,Andrenidae,Protandrena,,24,canola
22Kam11,0022-06-15,Pre-Bloom,Kamiak,1,OLB,Andrenidae,Andrena,,24,canola
23Kam11,0022-06-15,Pre-Bloom,Kamiak,1,OLB,Andrenidae,Andrena,,24,canola
24Kam11,0022-06-15,Pre-Bloom,Kamiak,1,SB,Halictidae,Halictus,Head and abdomen missing. Abdomen recovered,24,canola
25Kam11,0022-06-15,Pre-Bloom,Kamiak,1,SB,Andrenidae,Andrena,,24,canola
26Kam11,0022-06-15,Pre-Bloom,Kamiak,1,SB,Andrenidae,Protandrena,Missing head,24,canola
27Kam11,0022-06-15,Pre-Bloom,Kamiak,1,SB,Halictidae,Lasioglossum,,24,canola
28Kam11,0022-06-15,Pre-Bloom,Kamiak,1,SB,Halictidae,Halictus,,24,canola
29Kam11,0022-06-15,Pre-Bloom,Kamiak,1,OLB,Andrenidae,Andrena,,24,canola
1Kam21,0022-06-15,Pre-Bloom,Kamiak,2,OLB,Apidae,Nomada,,24,canola
2Kam21,0022-06-15,Pre-Bloom,Kamiak,2,BB,Apidae,Anthophora,,24,canola
1Kam31,0022-06-15,Pre-Bloom,Kamiak,3,OLB,Megachilidae,Osmia,,24,canola
2Kam31,0022-06-15,Pre-Bloom,Kamiak,3,OLB,Apidae,Melissodes,,24,canola
3Kam31,0022-06-15,Pre-Bloom,Kamiak,3,OLB,Apidae,Melissodes,,24,canola
4Kam31,0022-06-15,Pre-Bloom,Kamiak,3,SB,Halictidae,Lasioglossum,,24,canola
5Kam31,0022-06-15,Pre-Bloom,Kamiak,3,SB,Halictidae,Halictus,,24,canola
6Kam31,0022-06-15,Pre-Bloom,Kamiak,3,SB,Halictidae,Lasioglossum,,24,canola
8Kam31,0022-06-15,Pre-Bloom,Kamiak,3,OLB,Andrenidae,Andrena,,24,canola
9Kam31,0022-06-15,Pre-Bloom,Kamiak,3,SB,Halictidae,Lasioglossum,,24,canola
1Kam41,0022-06-15,Pre-Bloom,Kamiak,4,SB,Apidae,Nomada,,24,canola
2Kam41,0022-06-15,Pre-Bloom,Kamiak,4,SB,Apidae,Nomada,Head missing, recovered. Abdomen missing,24,canola
3Kam41,0022-06-15,Pre-Bloom,Kamiak,4,OLB,Apidae,Melissodes,,24,canola
4Kam41,0022-06-15,Pre-Bloom,Kamiak,4,SB,Andrenidae,Andrena,,24,canola
5Kam41,0022-06-15,Pre-Bloom,Kamiak,4,SB,Andrenidae,Andrena,,24,canola
6Kam41,0022-06-15,Pre-Bloom,Kamiak,4,SB,Halictidae,Halictus,,24,canola
7Kam41,0022-06-15,Pre-Bloom,Kamiak,4,OLB,Andrenidae,Andrena,,24,canola
8Kam41,0022-06-15,Pre-Bloom,Kamiak,4,SB,Andrenidae,Protandrena,Head missing,24,canola
1Ckk11,0022-06-07,Pre-Bloom,Clark2,1,SB,Apidae,Nomada,,23,canola
2Ckk11,0022-06-07,Pre-Bloom,Clark2,1,SB,Apidae,Ceratina,Male,23,canola
3Ckk11,0022-06-07,Pre-Bloom,Clark2,1,GB,Megachilidae,Osmia,head missing,23,canola
4Ckk11,0022-06-07,Pre-Bloom,Clark2,1,SB,Halictidae,Lasioglossum,,23,canola
5Ckk11,0022-06-07,Pre-Bloom,Clark2,1,SB,Halictidae,Lasioglossum,,23,canola
6Ckk11,0022-06-07,Pre-Bloom,Clark2,1,GB,Megachilidae,Osmia,,23,canola
1Ckk21,0022-06-07,Pre-Bloom,Clark2,2,SB,Apidae,Nomada,,23,canola
2Ckk21,0022-06-07,Pre-Bloom,Clark2,2,SB,Apidae,Nomada,,23,canola
3Ckk21,0022-06-07,Pre-Bloom,Clark2,2,SB,Apidae,Nomada,,23,canola
4Ckk21,0022-06-07,Pre-Bloom,Clark2,2,SB,Apidae,Nomada,,23,canola
5Ckk21,0022-06-07,Pre-Bloom,Clark2,2,SB,Apidae,Nomada,,23,canola
6Ckk21,0022-06-07,Pre-Bloom,Clark2,2,OLB,Apidae,Nomada,,23,canola
7Ckk21,0022-06-07,Pre-Bloom,Clark2,2,OLB,Apidae,Nomada,,23,canola
8Ckk21,0022-06-07,Pre-Bloom,Clark2,2,OLB,Apidae,Nomada,,23,canola
9Ckk21,0022-06-07,Pre-Bloom,Clark2,2,OLB,Apidae,Nomada,,23,canola
10Ckk21,0022-06-07,Pre-Bloom,Clark2,2,SB,Halictidae,Lasioglossum,,23,canola
11Ckk21,0022-06-07,Pre-Bloom,Clark2,2,OLB,Halictidae,Halictus,Abdomen missing/recovered,23,canola
12Ckk21,0022-06-07,Pre-Bloom,Clark2,2,OLB,Halictidae,Halictus,,23,canola
13Ckk21,0022-06-07,Pre-Bloom,Clark2,2,OLB,Andrenidae,Andrena,,23,canola
14Ckk21,0022-06-07,Pre-Bloom,Clark2,2,OLB,Megachilidae,Osmia,,23,canola
15Ckk21,0022-06-07,Pre-Bloom,Clark2,2,SB,Apidae,Nomada,*Silas check. Keys out to nomada but looks like wasp,23,canola
16Ckk21,0022-06-07,Pre-Bloom,Clark2,2,OLB,Halictidae,Halictus,,23,canola
1Ckk31,0022-06-07,Pre-Bloom,Clark2,3,SB,Apidae,Ceratina,Male,23,canola
1Ckk41,0022-06-07,Pre-Bloom,Clark2,4,OLB,Apidae,Nomada,,23,canola
2Ckk41,0022-06-07,Pre-Bloom,Clark2,4,SB,Apidae,Nomada,,23,canola
3Ckk41,0022-06-07,Pre-Bloom,Clark2,4,SB,Apidae,Ceratina,Male,23,canola
4Ckk41,0022-06-07,Pre-Bloom,Clark2,4,SB,Apidae,Ceratina,Male. Abdomen missing. Head missing/recovered.,23,canola
5Ckk41,0022-06-07,Pre-Bloom,Clark2,4,SB,Apidae,Ceratina,Male,23,canola
6Ckk41,0022-06-07,Pre-Bloom,Clark2,4,SB,Apidae,Ceratina,Male,23,canola
7Ckk41,0022-06-07,Pre-Bloom,Clark2,4,OLB,Megachilidae,Osmia,,23,canola
1SH13,0022-07-27,Post-Bloom,Smoot,1,OLB,Apidae,Epoleus,,30,canola
2SH13,0022-07-27,Post-Bloom,Smoot,1,SB,Halictidae,Lasioglossum,,30,canola
3SH13,0022-07-27,Post-Bloom,Smoot,1,SB,Halictidae,Lasioglossum,*Silas check. Keys out to lasioglossum but has yellow legs,30,canola
4SH13,0022-07-27,Post-Bloom,Smoot,1,OLB,Apidae,Epoleus,,30,canola
5SH13,0022-07-27,Post-Bloom,Smoot,1,OLB,Halictidae,Lasioglossum,,30,canola
1SH23,0022-07-27,Post-Bloom,Smoot,2,SB,Apidae,Ceratina,,30,canola
2SH23,0022-07-27,Post-Bloom,Smoot,2,SB,Halictidae,Lasioglossum,,30,canola
3SH23,0022-07-27,Post-Bloom,Smoot,2,OLB,Halictidae,Lasioglossum,,30,canola
4SH23,0022-07-27,Post-Bloom,Smoot,2,OLB,Halictidae,Halictus,,30,canola
5SH23,0022-07-27,Post-Bloom,Smoot,2,OLB,Halictidae,Halictus,,30,canola
1SH33,0022-07-27,Post-Bloom,Smoot,3,BB,Apidae,Bombus,,30,canola
2SH33,0022-07-27,Post-Bloom,Smoot,3,OLB,Apidae,Nomada,,30,canola
3SH33,0022-07-27,Post-Bloom,Smoot,3,SB,Halictidae,Halictus,,30,canola
1SH43,0022-07-27,Post-Bloom,Smoot,3,BB,Apidae,Bombus,,30,canola
2SH43,0022-07-27,Post-Bloom,Smoot,3,BB,Apidae,Bombus,,30,canola
3SH43,0022-07-27,Post-Bloom,Smoot,3,OLB,Halictidae,Lasioglossum,,30,canola
4SH43,0022-07-27,Post-Bloom,Smoot,3,SB,Halictidae,Halictus,,30,canola
1Chpp23,0022-07-25,Post-Bloom,Chipman2,2,SB,Megachilidae,Osmia,,30,canola
1Chpp43,0022-07-25,Post-Bloom,Chipman2,4,BB,Apidae,Bombus,,30,canola
1Ck13,0022-07-26,Post-Bloom,Clark1,1,BB,Apidae,Bombus,,30,canola
2Ck13,0022-07-26,Post-Bloom,Clark1,1,OLB,Apidae,Nomada,,30,canola
3Ck13,0022-07-26,Post-Bloom,Clark1,1,OLB,Andrenidae,Andrena,,30,canola
4Ck13,0022-07-26,Post-Bloom,Clark1,1,OLB,Andrenidae,Andrena,,30,canola
5Ck13,0022-07-26,Post-Bloom,Clark1,1,SB,Halictidae,Lasioglossum,Abdomen missing,30,canola
6Ck13,0022-07-26,Post-Bloom,Clark1,1,SB,Halictidae,Lasioglossum,,30,canola
1Ck23,0022-07-26,Post-Bloom,Clark1,2,SB,Halictidae,Lasioglossum,,30,canola
2Ck23,0022-07-26,Post-Bloom,Clark1,2,SB,Halictidae,Lasioglossum,,30,canola
3Ck23,0022-07-26,Post-Bloom,Clark1,2,SB,Halictidae,Lasioglossum,,30,canola
1Ck24,0022-07-26,Post-Bloom,Clark1,4,SB,Halictidae,Lasioglossum,,30,canola
1Plaz11,0022-06-09,Pre-Bloom,Plaza,1,SB,Andrenidae,Andrena,,23,canola
1Plaz21,0022-06-09,Pre-Bloom,Plaza,2,OLB,Andrenidae,Andrena,,23,canola
2Plaz21,0022-06-09,Pre-Bloom,Plaza,2,GB,Megachilidae,Osmia,,23,canola
3Plaz21,0022-06-09,Pre-Bloom,Plaza,2,SB,Halictidae,Lasioglossum,,23,canola
4Plaz21,0022-06-09,Pre-Bloom,Plaza,2,SB,Megachilidae,Osmia,,23,canola
1Plaz31,0022-06-09,Pre-Bloom,Plaza,3,SB,Megachilidae,Osmia,,23,canola
1Plaz41,0022-06-09,Pre-Bloom,Plaza,4,OLB,Andrenidae,Andrena,,23,canola
2Plaz41,0022-06-09,Pre-Bloom,Plaza,4,SB,Halictidae,Lasioglossum,,23,canola
1Chp13,0022-07-25,Post-Bloom,Chipman1,1,OLB,Andrenidae,Andrena,,30,canola
2Chp13,0022-07-25,Post-Bloom,Chipman1,1,OLB,Andrenidae,Andrena,,30,canola
3Chp13,0022-07-25,Post-Bloom,Chipman1,1,SB,Halictidae,Lasioglossum,,30,canola
4Chp13,0022-07-25,Post-Bloom,Chipman1,1,SB,Halictidae,Lasioglossum,,30,canola
1Chp23,0022-07-25,Post-Bloom,Chipman1,2,SB,Apidae,Ceratina,,30,canola
2Chp23,0022-07-25,Post-Bloom,Chipman1,2,SB,Apidae,Ceratina,,30,canola
3Chp23,0022-07-25,Post-Bloom,Chipman1,2,SB,Apidae,Ceratina,,30,canola
4Chp23,0022-07-25,Post-Bloom,Chipman1,2,SB,Apidae,Ceratina,,30,canola
5Chp23,0022-07-25,Post-Bloom,Chipman1,2,OLB,Halictidae,Halictus,,30,canola
1Chp33,0022-07-25,Post-Bloom,Chipman1,3,SB,Apidae,Ceratina,,30,canola
2Chp33,0022-07-25,Post-Bloom,Chipman1,3,SB,Apidae,Ceratina,,30,canola
3Chp33,0022-07-25,Post-Bloom,Chipman1,3,SB,Apidae,Ceratina,,30,canola
4Chp33,0022-07-25,Post-Bloom,Chipman1,3,SB,Apidae,Ceratina,,30,canola
5Chp33,0022-07-25,Post-Bloom,Chipman1,3,SB,Apidae,Ceratina,,30,canola
6Chp33,0022-07-25,Post-Bloom,Chipman1,3,SB,Apidae,Ceratina,,30,canola
7Chp33,0022-07-25,Post-Bloom,Chipman1,3,SB,Apidae,Ceratina,,30,canola
8Chp33,0022-07-25,Post-Bloom,Chipman1,3,SB,Apidae,Ceratina,,30,canola
9Chp33,0022-07-25,Post-Bloom,Chipman1,3,SB,Apidae,Ceratina,,30,canola
10Chp33,0022-07-25,Post-Bloom,Chipman1,3,SB,Apidae,Ceratina,,30,canola
11Chp33,0022-07-25,Post-Bloom,Chipman1,3,SB,Apidae,Ceratina,,30,canola
12Chp33,0022-07-25,Post-Bloom,Chipman1,3,SB,Apidae,Ceratina,,30,canola
13Chp33,0022-07-25,Post-Bloom,Chipman1,3,SB,Apidae,Ceratina,,30,canola
14Chp33,0022-07-25,Post-Bloom,Chipman1,3,SB,Apidae,Ceratina,,30,canola
15Chp33,0022-07-25,Post-Bloom,Chipman1,3,BB,Apidae,Bombus,,30,canola
16Chp33,0022-07-25,Post-Bloom,Chipman1,3,BB,Apidae,Bombus,,30,canola
17Chp33,0022-07-25,Post-Bloom,Chipman1,3,SB,Apidae,Ceratina,,30,canola
18Chp33,0022-07-25,Post-Bloom,Chipman1,3,SB,Apidae,Ceratina,,30,canola
19Chp33,0022-07-25,Post-Bloom,Chipman1,3,SB,Apidae,Ceratina,,30,canola
20Chp33,0022-07-25,Post-Bloom,Chipman1,3,SB,Apidae,Ceratina,,30,canola
21Chp33,0022-07-25,Post-Bloom,Chipman1,3,SB,Apidae,Ceratina,,30,canola
22Chp33,0022-07-25,Post-Bloom,Chipman1,3,SB,Apidae,Ceratina,,30,canola
23Chp33,0022-07-25,Post-Bloom,Chipman1,3,SB,Apidae,Ceratina,,30,canola
24Chp33,0022-07-25,Post-Bloom,Chipman1,3,SB,Apidae,Ceratina,,30,canola
25Chp33,0022-07-25,Post-Bloom,Chipman1,3,SB,Apidae,Ceratina,,30,canola
26Chp33,0022-07-25,Post-Bloom,Chipman1,3,SB,Apidae,Ceratina,,30,canola
27Chp33,0022-07-25,Post-Bloom,Chipman1,3,SB,Apidae,Ceratina,,30,canola
28Chp33,0022-07-25,Post-Bloom,Chipman1,3,SB,Apidae,Ceratina,,30,canola
29Chp33,0022-07-25,Post-Bloom,Chipman1,3,SB,Apidae,Ceratina,,30,canola
30Chp33,0022-07-25,Post-Bloom,Chipman1,3,OLB,Megachilidae,Megachile,,30,canola
31Chp33,0022-07-25,Post-Bloom,Chipman1,3,OLB,Andrenidae,Andrena,,30,canola
32Chp33,0022-07-25,Post-Bloom,Chipman1,3,GB,Halictidae,Agapostemon,Texanus,30,canola
33Chp33,0022-07-25,Post-Bloom,Chipman1,3,SB,Apidae,Ceratina,,30,canola
34Chp33,0022-07-25,Post-Bloom,Chipman1,3,SB,Apidae,Ceratina,,30,canola
35Chp33,0022-07-25,Post-Bloom,Chipman1,3,SB,Apidae,Ceratina,,30,canola
36Chp33,0022-07-25,Post-Bloom,Chipman1,3,SB,Halictidae,Lasioglossum,,30,canola
37Chp33,0022-07-25,Post-Bloom,Chipman1,3,SB,Apidae,Ceratina,,30,canola
38Chp33,0022-07-25,Post-Bloom,Chipman1,3,SB,Apidae,Ceratina,,30,canola
39Chp33,0022-07-25,Post-Bloom,Chipman1,3,SB,Apidae,Ceratina,,30,canola
40Chp33,0022-07-25,Post-Bloom,Chipman1,3,SB,Apidae,Ceratina,,30,canola
41Chp33,0022-07-25,Post-Bloom,Chipman1,3,OLB,Apidae,Diadasia,,30,canola
42Chp33,0022-07-25,Post-Bloom,Chipman1,3,SB,Halictidae,Halictus,,30,canola
43Chp33,0022-07-25,Post-Bloom,Chipman1,3,OLB,Apidae,Diadasia,,30,canola
44Chp33,0022-07-25,Post-Bloom,Chipman1,3,SB,Andrenidae,Panurginus,,30,canola
45Chp33,0022-07-25,Post-Bloom,Chipman1,3,SB,Andrenidae,Panurginus,,30,canola
46Chp33,0022-07-25,Post-Bloom,Chipman1,3,OLB,Apidae,Diadasia,,30,canola
47Chp33,0022-07-25,Post-Bloom,Chipman1,3,SB,Halictidae,Halictus,ligatus,30,canola
48Chp33,0022-07-25,Post-Bloom,Chipman1,3,SB,Halictidae,Halictus,ligatus,30,canola
49Chp33,0022-07-25,Post-Bloom,Chipman1,3,SB,Halictidae,Halictus,ligatus,30,canola
50Chp33,0022-07-25,Post-Bloom,Chipman1,3,SB,Halictidae,Halictus,ligatus,30,canola
51Chp33,0022-07-25,Post-Bloom,Chipman1,3,SB,Halictidae,Halictus,ligatus,30,canola
52Chp33,0022-07-25,Post-Bloom,Chipman1,3,SB,Halictidae,Halictus,ligatus,30,canola
53Chp33,0022-07-25,Post-Bloom,Chipman1,3,SB,Halictidae,Halictus,ligatus,30,canola
54Chp33,0022-07-25,Post-Bloom,Chipman1,3,SB,Halictidae,Halictus,ligatus,30,canola
55Chp33,0022-07-25,Post-Bloom,Chipman1,3,SB,Halictidae,Halictus,ligatus,30,canola
56Chp33,0022-07-25,Post-Bloom,Chipman1,3,SB,Halictidae,Halictus,ligatus,30,canola
57Chp33,0022-07-25,Post-Bloom,Chipman1,3,SB,Halictidae,Halictus,ligatus,30,canola
58Chp33,0022-07-25,Post-Bloom,Chipman1,3,SB,Halictidae,Halictus,ligatus,30,canola
59Chp33,0022-07-25,Post-Bloom,Chipman1,3,SB,Halictidae,Halictus,ligatus,30,canola
60Chp33,0022-07-25,Post-Bloom,Chipman1,3,SB,Halictidae,Halictus,ligatus,30,canola
61Chp33,0022-07-25,Post-Bloom,Chipman1,3,SB,Halictidae,Halictus,ligatus,30,canola
62Chp33,0022-07-25,Post-Bloom,Chipman1,3,SB,Halictidae,Halictus,ligatus,30,canola
63Chp33,0022-07-25,Post-Bloom,Chipman1,3,SB,Halictidae,Halictus,ligatus,30,canola
64Chp33,0022-07-25,Post-Bloom,Chipman1,3,SB,Halictidae,Halictus,ligatus,30,canola
65Chp33,0022-07-25,Post-Bloom,Chipman1,3,SB,Halictidae,Halictus,ligatus,30,canola
66Chp33,0022-07-25,Post-Bloom,Chipman1,3,SB,Halictidae,Halictus,ligatus,30,canola
67Chp33,0022-07-25,Post-Bloom,Chipman1,3,SB,Halictidae,Halictus,ligatus,30,canola
68Chp33,0022-07-25,Post-Bloom,Chipman1,3,SB,Halictidae,Halictus,ligatus,30,canola
69Chp33,0022-07-25,Post-Bloom,Chipman1,3,SB,Halictidae,Halictus,ligatus,30,canola
70Chp33,0022-07-25,Post-Bloom,Chipman1,3,SB,Halictidae,Halictus,ligatus,30,canola
71Chp33,0022-07-25,Post-Bloom,Chipman1,3,SB,Halictidae,Halictus,ligatus,30,canola
72Chp33,0022-07-25,Post-Bloom,Chipman1,3,SB,Halictidae,Halictus,ligatus,30,canola
73Chp33,0022-07-25,Post-Bloom,Chipman1,3,SB,Halictidae,Halictus,ligatus,30,canola
74Chp33,0022-07-25,Post-Bloom,Chipman1,3,SB,Halictidae,Halictus,ligatus,30,canola
75Chp33,0022-07-25,Post-Bloom,Chipman1,3,SB,Andrenidae,Andrena,,30,canola
76Chp33,0022-07-25,Post-Bloom,Chipman1,3,SB,Halictidae,Lasioglossum,,30,canola
77Chp33,0022-07-25,Post-Bloom,Chipman1,3,SB,Megachilidae,Hoplitis,,30,canola
1Chp34,0022-07-25,Post-Bloom,Chipman1,4,SB,Apidae,Ceratina,,30,canola
2Chp34,0022-07-25,Post-Bloom,Chipman1,4,SB,Apidae,Ceratina,,30,canola
3Chp34,0022-07-25,Post-Bloom,Chipman1,4,SB,Apidae,Ceratina,,30,canola
4Chp34,0022-07-25,Post-Bloom,Chipman1,4,SB,Halictidae,Halictus,,30,canola
5Chp34,0022-07-25,Post-Bloom,Chipman1,4,SB,Halictidae,Halictus,,30,canola
6Chp34,0022-07-25,Post-Bloom,Chipman1,4,SB,Halictidae,Halictus,,30,canola
7Chp34,0022-07-25,Post-Bloom,Chipman1,4,SB,Halictidae,Halictus,,30,canola
8Chp34,0022-07-25,Post-Bloom,Chipman1,4,SB,Halictidae,Halictus,,30,canola
9Chp34,0022-07-25,Post-Bloom,Chipman1,4,SB,Halictidae,Halictus,,30,canola
1Hut13,0022-07-20,Post-Bloom,Hutchins,1,SB,Halictidae,Lasioglossum,Abodomen broken,29,canola
2Hut13,0022-07-20,Post-Bloom,Hutchins,1,SB,Halictidae,Lasioglossum,,29,canola
1Hut23,0022-07-20,Post-Bloom,Hutchins,2,OLB,Apidae,Peponapis,*Silas Check,29,canola
2Hut23,0022-07-20,Post-Bloom,Hutchins,2,SB,Megachilidae,Megachile,,29,canola
3Hut23,0022-07-20,Post-Bloom,Hutchins,2,SB,Halictidae,Lasioglossum,head missing,29,canola
5Hut23,0022-07-20,Post-Bloom,Hutchins,2,SB,Halictidae,Lasioglossum,,29,canola
1Hut33,0022-07-20,Post-Bloom,Hutchins,3,OLB,Andrenidae,Andrena,,29,canola
2Hut33,0022-07-20,Post-Bloom,Hutchins,3,OLB,Apidae,Nomada,,29,canola
3Hut33,0022-07-20,Post-Bloom,Hutchins,3,SB,Halictidae,Sphecodes,,29,canola
4Hut33,0022-07-20,Post-Bloom,Hutchins,3,SB,Halictidae,Sphecodes,,29,canola
5Hut33,0022-07-20,Post-Bloom,Hutchins,3,SB,Halictidae,Halictus,,29,canola
6Hut33,0022-07-20,Post-Bloom,Hutchins,3,SB,Halictidae,Halictus,,29,canola
7Hut33,0022-07-20,Post-Bloom,Hutchins,3,SB,Halictidae,Halictus,,29,canola
8Hut33,0022-07-20,Post-Bloom,Hutchins,3,SB,Halictidae,Lasioglossum,,29,canola
9Hut33,0022-07-20,Post-Bloom,Hutchins,3,SB,Halictidae,Lasioglossum,,29,canola
10Hut33,0022-07-20,Post-Bloom,Hutchins,3,SB,Halictidae,Lasioglossum,,29,canola
11Hut33,0022-07-20,Post-Bloom,Hutchins,3,SB,Halictidae,Lasioglossum,,29,canola
12Hut33,0022-07-20,Post-Bloom,Hutchins,3,SB,Halictidae,Halictus,,29,canola
13Hut33,0022-07-20,Post-Bloom,Hutchins,3,SB,Halictidae,Lasioglossum,,29,canola
14Hut33,0022-07-20,Post-Bloom,Hutchins,3,SB,Halictidae,Lasioglossum,,29,canola
15Hut33,0022-07-20,Post-Bloom,Hutchins,3,SB,Halictidae,Lasioglossum,,29,canola
16Hut33,0022-07-20,Post-Bloom,Hutchins,3,SB,Halictidae,Lasioglossum,,29,canola
17Hut33,0022-07-20,Post-Bloom,Hutchins,3,SB,Halictidae,Lasioglossum,,29,canola
18Hut33,0022-07-20,Post-Bloom,Hutchins,3,SB,Halictidae,Lasioglossum,,29,canola
19Hut33,0022-07-20,Post-Bloom,Hutchins,3,SB,Halictidae,Lasioglossum,,29,canola
20Hut33,0022-07-20,Post-Bloom,Hutchins,3,SB,Halictidae,Lasioglossum,,29,canola
21Hut33,0022-07-20,Post-Bloom,Hutchins,3,SB,Halictidae,Lasioglossum,Head missing, recovered,29,canola
22Hut33,0022-07-20,Post-Bloom,Hutchins,3,SB,Halictidae,Lasioglossum,,29,canola
23Hut33,0022-07-20,Post-Bloom,Hutchins,3,SB,Halictidae,Lasioglossum,,29,canola
24Hut33,0022-07-20,Post-Bloom,Hutchins,3,SB,Halictidae,Lasioglossum,,29,canola
1Hut43,0022-07-20,Post-Bloom,Hutchins,4,OLB,Andrenidae,Andrena,,29,canola
2Hut43,0022-07-20,Post-Bloom,Hutchins,4,SB,Halictidae,Lasioglossum,,29,canola
3Hut43,0022-07-20,Post-Bloom,Hutchins,4,SB,Halictidae,Lasioglossum,,29,canola
4Hut43,0022-07-20,Post-Bloom,Hutchins,4,SB,Halictidae,Halictus,,29,canola
5Hut43,0022-07-20,Post-Bloom,Hutchins,4,SB,Halictidae,Halictus,,29,canola
6Hut43,0022-07-20,Post-Bloom,Hutchins,4,SB,Halictidae,Lasioglossum,,29,canola
7Hut43,0022-07-20,Post-Bloom,Hutchins,4,SB,Halictidae,Halictus,,29,canola
8Hut43,0022-07-20,Post-Bloom,Hutchins,4,SB,Halictidae,Halictus,,29,canola
9Hut43,0022-07-20,Post-Bloom,Hutchins,4,SB,Halictidae,Halictus,,29,canola
10Hut43,0022-07-20,Post-Bloom,Hutchins,4,SB,Halictidae,Lasioglossum,,29,canola
2Plaz13,0022-08-02,Post-Bloom,Plaza,1,SB,Halictidae,Lasioglossum,,31,canola
3Plaz13,0022-08-02,Post-Bloom,Plaza,1,SB,Halictidae,Lasioglossum,,31,canola
4Plaz13,0022-08-02,Post-Bloom,Plaza,1,SB,Halictidae,Lasioglossum,,31,canola
5Plaz13,0022-08-02,Post-Bloom,Plaza,1,SB,Halictidae,Lasioglossum,,31,canola
6Plaz13,0022-08-02,Post-Bloom,Plaza,1,SB,Halictidae,Lasioglossum,,31,canola
8Plaz13,0022-08-02,Post-Bloom,Plaza,1,SB,Halictidae,Lasioglossum,,31,canola
9Plaz13,0022-08-02,Post-Bloom,Plaza,1,SB,Halictidae,Lasioglossum,,31,canola
10Plaz13,0022-08-02,Post-Bloom,Plaza,1,SB,Halictidae,Lasioglossum,,31,canola
2Plaz23,0022-08-02,Post-Bloom,Plaza,2,SB,Halictidae,Lasioglossum,,31,canola
3Plaz23,0022-08-02,Post-Bloom,Plaza,2,SB,Halictidae,Halictus,,31,canola
4Plaz23,0022-08-02,Post-Bloom,Plaza,2,SB,Halictidae,Lasioglossum,,31,canola
5Plaz23,0022-08-02,Post-Bloom,Plaza,2,SB,Halictidae,Lasioglossum,,31,canola
6Plaz23,0022-08-02,Post-Bloom,Plaza,2,SB,Halictidae,Lasioglossum,,31,canola
1Plaz33,0022-08-02,Post-Bloom,Plaza,3,SB,Megachilidae,Anthidium,sp: manicatum,31,canola
2Plaz33,0022-08-02,Post-Bloom,Plaza,3,SB,Halictidae,Halictus,,31,canola
3Plaz33,0022-08-02,Post-Bloom,Plaza,3,SB,Halictidae,Lasioglossum,,31,canola
4Plaz33,0022-08-02,Post-Bloom,Plaza,3,SB,Halictidae,Lasioglossum,,31,canola
1Plaz43,0022-08-02,Post-Bloom,Plaza,4,SB,Halictidae,Lasioglossum,,31,canola
2Plaz43,0022-08-02,Post-Bloom,Plaza,4,SB,Halictidae,Lasioglossum,Abodomen missing,31,canola
3Plaz43,0022-08-02,Post-Bloom,Plaza,4,SB,Halictidae,Lasioglossum,,31,canola
1Ckk13,0022-07-26,Post-Bloom,Clark2,1,SB,Halictidae,Lasioglossum,,30,canola
2Ckk13,0022-07-26,Post-Bloom,Clark2,1,SB,Halictidae,Lasioglossum,,30,canola
3Ckk13,0022-07-26,Post-Bloom,Clark2,1,SB,Halictidae,Halictus,,30,canola
4Ckk13,0022-07-26,Post-Bloom,Clark2,1,SB,Apidae,Ceratina,,30,canola
5Ckk13,0022-07-26,Post-Bloom,Clark2,1,SB,Megachilidae,Heriades,,30,canola
1Ckk23,0022-07-26,Post-Bloom,Clark2,2,SB,Megachilidae,Heriades,,30,canola
1Ckk33,0022-07-26,Post-Bloom,Clark2,3,GB,Megachilidae,Osmia,,30,canola
1Ckk43,0022-07-26,Post-Bloom,Clark2,4,SB,Colletidae,Hylaeus,,30,canola
2Ckk43,0022-07-26,Post-Bloom,Clark2,4,SB,Colletidae,Hylaeus,,30,canola
3Ckk43,0022-07-26,Post-Bloom,Clark2,4,OLB,Apidae,Nomada,,30,canola
4Ckk43,0022-07-26,Post-Bloom,Clark2,4,SB,Colletidae,Hylaeus,,30,canola
1Span13,0022-08-02,Post-Bloom,Spangle,1,SB,Halictidae,Halictus,,31,canola
2Span13,0022-08-02,Post-Bloom,Spangle,1,SB,Halictidae,Halictus,,31,canola
3Span13,0022-08-02,Post-Bloom,Spangle,1,SB,Halictidae,Halictus,,31,canola
4Span13,0022-08-02,Post-Bloom,Spangle,1,SB,Halictidae,Halictus,,31,canola
5Span13,0022-08-02,Post-Bloom,Spangle,1,SB,Halictidae,Halictus,,31,canola
6Span13,0022-08-02,Post-Bloom,Spangle,1,SB,Halictidae,Lasioglossum,,31,canola
7Span13,0022-08-02,Post-Bloom,Spangle,1,SB,Halictidae,Lasioglossum,,31,canola
8Span13,0022-08-02,Post-Bloom,Spangle,1,SB,Halictidae,Lasioglossum,,31,canola
9Span13,0022-08-02,Post-Bloom,Spangle,1,SB,Halictidae,Lasioglossum,,31,canola
10Span13,0022-08-02,Post-Bloom,Spangle,1,SB,Halictidae,Lasioglossum,,31,canola
1Span23,0022-08-02,Post-Bloom,Spangle,2,SB,Halictidae,Halictus,,31,canola
2Span23,0022-08-02,Post-Bloom,Spangle,2,SB,Halictidae,Halictus,,31,canola
3Span23,0022-08-02,Post-Bloom,Spangle,2,SB,Halictidae,Halictus,,31,canola
1Span33,0022-08-02,Post-Bloom,Spangle,3,BB,Apidae,Bombus,,31,canola
2Span33,0022-08-02,Post-Bloom,Spangle,3,OLB,Andrenidae,Andrena,,31,canola
3Span33,0022-08-02,Post-Bloom,Spangle,3,OLB,Andrenidae,Andrena,,31,canola
4Span33,0022-08-02,Post-Bloom,Spangle,3,OLB,Halictidae,Lasioglossum,,31,canola
5Span33,0022-08-02,Post-Bloom,Spangle,3,SB,Halictidae,Halictus,,31,canola
6Span33,0022-08-02,Post-Bloom,Spangle,3,SB,Halictidae,Lasioglossum,,31,canola
7Span33,0022-08-02,Post-Bloom,Spangle,3,SB,Halictidae,Lasioglossum,,31,canola
8Span33,0022-08-02,Post-Bloom,Spangle,3,SB,Halictidae,Lasioglossum,,31,canola
9Span33,0022-08-02,Post-Bloom,Spangle,3,SB,Halictidae,Lasioglossum,,31,canola
10Span33,0022-08-02,Post-Bloom,Spangle,3,SB,Halictidae,Lasioglossum,,31,canola
11Span33,0022-08-02,Post-Bloom,Spangle,3,SB,Halictidae,Lasioglossum,,31,canola
12Span33,0022-08-02,Post-Bloom,Spangle,3,SB,Halictidae,Lasioglossum,,31,canola
13Span33,0022-08-02,Post-Bloom,Spangle,3,SB,Halictidae,Lasioglossum,,31,canola
14Span33,0022-08-02,Post-Bloom,Spangle,3,SB,Halictidae,Halictus,,31,canola
15Span33,0022-08-02,Post-Bloom,Spangle,3,SB,Halictidae,Halictus,,31,canola
1Span43,0022-08-02,Post-Bloom,Spangle,4,SB,Halictidae,Lasioglossum,,31,canola
2Span43,0022-08-02,Post-Bloom,Spangle,4,SB,Halictidae,Lasioglossum,,31,canola
3Span43,0022-08-02,Post-Bloom,Spangle,4,SB,Halictidae,Lasioglossum,,31,canola
1Aso13,0022-07-21,Post-Bloom,Asotin,1,OLB,Andrenidae,Andrena,,29,canola
1Aso23,0022-07-21,Post-Bloom,Asotin,2,SB,Halictidae,Lasioglossum,,29,canola
2Aso23,0022-07-21,Post-Bloom,Asotin,2,SB,Halictidae,Lasioglossum,,29,canola
1Aso33,0022-07-21,Post-Bloom,Asotin,3,BB,Apidae,Bombus,,29,canola
2Aso33,0022-07-21,Post-Bloom,Asotin,3,BB,Apidae,Bombus,,29,canola
3Aso33,0022-07-21,Post-Bloom,Asotin,3,SB,Apidae,Nomada,,29,canola
4Aso33,0022-07-21,Post-Bloom,Asotin,3,SB,Halictidae,Lasioglossum,*Same as 3SH13,29,canola
5Aso33,0022-07-21,Post-Bloom,Asotin,3,SB,Halictidae,Lasioglossum,,29,canola
6Aso33,0022-07-21,Post-Bloom,Asotin,3,SB,Halictidae,Lasioglossum,,29,canola
7Aso33,0022-07-21,Post-Bloom,Asotin,3,SB,Halictidae,Lasioglossum,,29,canola
8Aso33,0022-07-21,Post-Bloom,Asotin,3,SB,Halictidae,Lasioglossum,,29,canola
9Aso33,0022-07-21,Post-Bloom,Asotin,3,SB,Halictidae,Lasioglossum,,29,canola
1Aso43,0022-07-21,Post-Bloom,Asotin,4,BB,Apidae,Bombus,,29,canola
2Aso43,0022-07-21,Post-Bloom,Asotin,4,BB,Apidae,Bombus,,29,canola
3Aso43,0022-07-21,Post-Bloom,Asotin,4,SB,Apidae,Nomada,,29,canola
4Aso43,0022-07-21,Post-Bloom,Asotin,4,SB,Apidae,Nomada,,29,canola
5Aso43,0022-07-21,Post-Bloom,Asotin,4,OLB,Andrenidae,Andrena,,29,canola
6Aso43,0022-07-21,Post-Bloom,Asotin,4,OLB,Andrenidae,Andrena,,29,canola
7Aso43,0022-07-21,Post-Bloom,Asotin,4,OLB,Andrenidae,Andrena,,29,canola
8Aso43,0022-07-21,Post-Bloom,Asotin,4,OLB,Andrenidae,Andrena,,29,canola
9Aso43,0022-07-21,Post-Bloom,Asotin,4,OLB,Andrenidae,Andrena,,29,canola
10Aso43,0022-07-21,Post-Bloom,Asotin,4,OLB,Andrenidae,Andrena,,29,canola
11Aso43,0022-07-21,Post-Bloom,Asotin,4,OLB,Andrenidae,Andrena,,29,canola
12Aso43,0022-07-21,Post-Bloom,Asotin,4,OLB,Andrenidae,Andrena,,29,canola
13Aso43,0022-07-21,Post-Bloom,Asotin,4,HB,Apidae,Apis,mellifera,29,canola
14Aso43,0022-07-21,Post-Bloom,Asotin,4,SB,Apidae,Nomada,,29,canola
15Aso43,0022-07-21,Post-Bloom,Asotin,4,SB,Andrenidae,Andrena,,29,canola
16Aso43,0022-07-21,Post-Bloom,Asotin,4,SB,Andrenidae,Andrena,,29,canola
17Aso43,0022-07-21,Post-Bloom,Asotin,4,SB,Andrenidae,Andrena,,29,canola
18Aso43,0022-07-21,Post-Bloom,Asotin,4,SB,Andrenidae,Andrena,,29,canola
19Aso43,0022-07-21,Post-Bloom,Asotin,4,SB,Andrenidae,Andrena,,29,canola
20Aso43,0022-07-21,Post-Bloom,Asotin,4,SB,Andrenidae,Andrena,,29,canola
21Aso43,0022-07-21,Post-Bloom,Asotin,4,SB,Andrenidae,Andrena,,29,canola
22Aso43,0022-07-21,Post-Bloom,Asotin,4,SB,Halictidae,Lasioglossum,,29,canola
23Aso43,0022-07-21,Post-Bloom,Asotin,4,SB,Halictidae,Lasioglossum,,29,canola
24Aso43,0022-07-21,Post-Bloom,Asotin,4,SB,Halictidae,Lasioglossum,,29,canola
25Aso43,0022-07-21,Post-Bloom,Asotin,4,SB,Halictidae,Lasioglossum,,29,canola
26Aso43,0022-07-21,Post-Bloom,Asotin,4,SB,Halictidae,Lasioglossum,,29,canola
27Aso43,0022-07-21,Post-Bloom,Asotin,4,SB,Halictidae,Lasioglossum,,29,canola
28Aso43,0022-07-21,Post-Bloom,Asotin,4,SB,Halictidae,Lasioglossum,,29,canola
29Aso43,0022-07-21,Post-Bloom,Asotin,4,SB,Halictidae,Lasioglossum,,29,canola
30Aso43,0022-07-21,Post-Bloom,Asotin,4,SB,Halictidae,Lasioglossum,,29,canola
31Aso43,0022-07-21,Post-Bloom,Asotin,4,SB,Halictidae,Lasioglossum,,29,canola
32Aso43,0022-07-21,Post-Bloom,Asotin,4,SB,Halictidae,Lasioglossum,,29,canola
33Aso43,0022-07-21,Post-Bloom,Asotin,4,SB,Halictidae,Lasioglossum,,29,canola
34Aso43,0022-07-21,Post-Bloom,Asotin,4,SB,Halictidae,Lasioglossum,,29,canola
35Aso43,0022-07-21,Post-Bloom,Asotin,4,SB,Halictidae,Lasioglossum,,29,canola
36Aso43,0022-07-21,Post-Bloom,Asotin,4,SB,Halictidae,Lasioglossum,,29,canola
37Aso43,0022-07-21,Post-Bloom,Asotin,4,SB,Halictidae,Lasioglossum,,29,canola
1Chp12,0022-07-05,Peak-Bloom,Chipman1,1,HB,Apidae,Apis,mellifera,27,canola
2Chp12,0022-07-05,Peak-Bloom,Chipman1,1,SB,Andrenidae,Andrena,,27,canola
3Chp12,0022-07-05,Peak-Bloom,Chipman1,1,SB,Apidae,Ceratina,,27,canola
4Chp12,0022-07-05,Peak-Bloom,Chipman1,1,SB,Apidae,Ceratina,,27,canola
5Chp12,0022-07-05,Peak-Bloom,Chipman1,1,SB,Halictidae,Halictus,,27,canola
6Chp12,0022-07-05,Peak-Bloom,Chipman1,1,SB,Colletidae,Colletes,,27,canola
7Chp12,0022-07-05,Peak-Bloom,Chipman1,1,SB,Apidae,Ceratina,,27,canola
8Chp12,0022-07-05,Peak-Bloom,Chipman1,1,SB,Halictidae,Lasioglossum,,27,canola
9Chp12,0022-07-05,Peak-Bloom,Chipman1,1,SB,Halictidae,Halictus,Abodomen missing,27,canola
1Chp32,0022-07-05,Peak-Bloom,Chipman1,3,HB,Apidae,Apis,mellifera,27,canola
2Chp32,0022-07-05,Peak-Bloom,Chipman1,3,HB,Apidae,Apis,mellifera,27,canola
3Chp32,0022-07-05,Peak-Bloom,Chipman1,3,HB,Apidae,Apis,mellifera,27,canola
4Chp32,0022-07-05,Peak-Bloom,Chipman1,3,HB,Apidae,Apis,mellifera,27,canola
5Chp32,0022-07-05,Peak-Bloom,Chipman1,3,SB,Apidae,Ceratina,,27,canola
6Chp32,0022-07-05,Peak-Bloom,Chipman1,3,SB,Apidae,Ceratina,,27,canola
7Chp32,0022-07-05,Peak-Bloom,Chipman1,3,SB,Apidae,Ceratina,,27,canola
8Chp32,0022-07-05,Peak-Bloom,Chipman1,3,SB,Apidae,Ceratina,,27,canola
9Chp32,0022-07-05,Peak-Bloom,Chipman1,3,SB,Apidae,Ceratina,,27,canola
10Chp32,0022-07-05,Peak-Bloom,Chipman1,3,SB,Apidae,Ceratina,,27,canola
11Chp32,0022-07-05,Peak-Bloom,Chipman1,3,OLB,Andrenidae,Andrena,,27,canola
12Chp32,0022-07-05,Peak-Bloom,Chipman1,3,OLB,Andrenidae,Andrena,,27,canola
13Chp32,0022-07-05,Peak-Bloom,Chipman1,3,SB,Halictidae,Lasioglossum,,27,canola
14Chp32,0022-07-05,Peak-Bloom,Chipman1,3,SB,Andrenidae,Andrena,,27,canola
15Chp32,0022-07-05,Peak-Bloom,Chipman1,3,SB,Andrenidae,Andrena,,27,canola
16Chp32,0022-07-05,Peak-Bloom,Chipman1,3,SB,Andrenidae,Andrena,,27,canola
17Chp32,0022-07-05,Peak-Bloom,Chipman1,3,SB,Andrenidae,Andrena,,27,canola
1Chp42,0022-07-05,Peak-Bloom,Chipman1,4,OLB,Andrenidae,Andrena,,27,canola
2Chp42,0022-07-05,Peak-Bloom,Chipman1,4,HB,Apidae,Apis,mellifera,27,canola
3Chp42,0022-07-05,Peak-Bloom,Chipman1,4,HB,Apidae,Apis,mellifera,27,canola
4Chp42,0022-07-05,Peak-Bloom,Chipman1,4,BB,Apidae,Bombus,,27,canola
5Chp42,0022-07-05,Peak-Bloom,Chipman1,4,SB,Apidae,Ceratina,,27,canola
6Chp42,0022-07-05,Peak-Bloom,Chipman1,4,SB,Apidae,Ceratina,,27,canola
7Chp42,0022-07-05,Peak-Bloom,Chipman1,4,SB,Apidae,Ceratina,,27,canola
8Chp42,0022-07-05,Peak-Bloom,Chipman1,4,SB,Apidae,Ceratina,,27,canola
9Chp42,0022-07-05,Peak-Bloom,Chipman1,4,SB,Apidae,Ceratina,,27,canola
10Chp42,0022-07-05,Peak-Bloom,Chipman1,4,SB,Apidae,Ceratina,,27,canola
11Chp42,0022-07-05,Peak-Bloom,Chipman1,4,OLB,Andrenidae,Andrena,,27,canola
12Chp42,0022-07-05,Peak-Bloom,Chipman1,4,OLB,Andrenidae,Andrena,,27,canola
13Chp42,0022-07-05,Peak-Bloom,Chipman1,4,SB,Andrenidae,Andrena,,27,canola
14Chp42,0022-07-05,Peak-Bloom,Chipman1,4,SB,Andrenidae,Andrena,,27,canola
15Chp42,0022-07-05,Peak-Bloom,Chipman1,4,SB,Andrenidae,Andrena,,27,canola
16Chp42,0022-07-05,Peak-Bloom,Chipman1,4,SB,Andrenidae,Andrena,,27,canola
1Kam12,0022-06-30,Peak-Bloom,Kamiak,1,OLB,Apidae,Melissodes,,26,canola
2Kam12,0022-06-30,Peak-Bloom,Kamiak,1,SB,Megachilidae,Osmia,,26,canola
3Kam12,0022-06-30,Peak-Bloom,Kamiak,1,SB,Apidae,Nomada,,26,canola
4Kam12,0022-06-30,Peak-Bloom,Kamiak,1,OLB,Colletidae,Colletes,,26,canola
5Kam12,0022-06-30,Peak-Bloom,Kamiak,1,OLB,Andrenidae,Andrena,,26,canola
6Kam12,0022-06-30,Peak-Bloom,Kamiak,1,OLB,Halictidae,Lasioglossum,,26,canola
7Kam12,0022-06-30,Peak-Bloom,Kamiak,1,SB,Halictidae,Dufourea,,26,canola
8Kam12,0022-06-30,Peak-Bloom,Kamiak,1,SB,Halictidae,Lasioglossum,,26,canola
9Kam12,0022-06-30,Peak-Bloom,Kamiak,1,SB,Halictidae,Dufourea,,26,canola
10Kam12,0022-06-30,Peak-Bloom,Kamiak,1,SB,Halictidae,Dufourea,,26,canola
1Kam22,0022-06-30,Peak-Bloom,Kamiak,2,OLB,Megachilidae,Osmia,,26,canola
2Kam22,0022-06-30,Peak-Bloom,Kamiak,2,OLB,Andrenidae,Andrena,,26,canola
3Kam22,0022-06-30,Peak-Bloom,Kamiak,2,OLB,Apidae,Nomada,red,26,canola
4Kam22,0022-06-30,Peak-Bloom,Kamiak,2,SB,Apidae,Nomada,red,26,canola
5Kam22,0022-06-30,Peak-Bloom,Kamiak,2,SB,Apidae,Nomada,red,26,canola
6Kam22,0022-06-30,Peak-Bloom,Kamiak,2,OLB,Andrenidae,Andrena,,26,canola
7Kam22,0022-06-30,Peak-Bloom,Kamiak,2,OLB,Andrenidae,Andrena,,26,canola
8Kam22,0022-06-30,Peak-Bloom,Kamiak,2,OLB,Andrenidae,Andrena,,26,canola
9Kam22,0022-06-30,Peak-Bloom,Kamiak,2,OLB,Andrenidae,Andrena,,26,canola
10Kam22,0022-06-30,Peak-Bloom,Kamiak,2,OLB,Andrenidae,Andrena,,26,canola
11Kam22,0022-06-30,Peak-Bloom,Kamiak,2,OLB,Halictidae,Lasioglossum,,26,canola
12Kam22,0022-06-30,Peak-Bloom,Kamiak,2,OLB,Halictidae,Lasioglossum,,26,canola
13Kam22,0022-06-30,Peak-Bloom,Kamiak,2,OLB,Colletidae,Colletes,,26,canola
14Kam22,0022-06-30,Peak-Bloom,Kamiak,2,SB,Halictidae,Lasioglossum,,26,canola
15Kam22,0022-06-30,Peak-Bloom,Kamiak,2,SB,Halictidae,Lasioglossum,,26,canola
16Kam22,0022-06-30,Peak-Bloom,Kamiak,2,SB,Halictidae,Lasioglossum,,26,canola
17Kam22,0022-06-30,Peak-Bloom,Kamiak,2,SB,Halictidae,Lasioglossum,,26,canola
18Kam22,0022-06-30,Peak-Bloom,Kamiak,2,SB,Halictidae,Dufourea,,26,canola
1Kam32,0022-06-30,Peak-Bloom,Kamiak,3,SB,Halictidae,Sphecodes,,26,canola
2Kam32,0022-06-30,Peak-Bloom,Kamiak,3,OLB,Apidae,Melissodes,,26,canola
3Kam32,0022-06-30,Peak-Bloom,Kamiak,3,OLB,Apidae,Melissodes,,26,canola
4Kam32,0022-06-30,Peak-Bloom,Kamiak,3,SB,Megachilidae,Osmia,,26,canola
5Kam32,0022-06-30,Peak-Bloom,Kamiak,3,SB,Apidae,Nomada,,26,canola
6Kam32,0022-06-30,Peak-Bloom,Kamiak,3,SB,Apidae,Ceratina,,26,canola
7Kam32,0022-06-30,Peak-Bloom,Kamiak,3,OLB,Andrenidae,Andrena,,26,canola
8Kam32,0022-06-30,Peak-Bloom,Kamiak,3,OLB,Andrenidae,Andrena,,26,canola
9Kam32,0022-06-30,Peak-Bloom,Kamiak,3,SB,Andrenidae,Andrena,,26,canola
1Kam42,0022-06-30,Peak-Bloom,Kamiak,4,SB,Apidae,Nomada,,26,canola
2Kam42,0022-06-30,Peak-Bloom,Kamiak,4,SB,Megachilidae,Anthidium,,26,canola
3Kam42,0022-06-30,Peak-Bloom,Kamiak,4,SB,Halictidae,Halictus,,26,canola
4Kam42,0022-06-30,Peak-Bloom,Kamiak,4,OLB,Andrenidae,Andrena,,26,canola
5Kam42,0022-06-30,Peak-Bloom,Kamiak,4,SB,Apidae,Ceratina,,26,canola
6Kam42,0022-06-30,Peak-Bloom,Kamiak,4,SB,Halictidae,Lasioglossum,,26,canola
1Aso12,0022-06-29,Peak-Bloom,Asotin,1,HB,Apidae,Apis,mellifera,26,canola
2Aso12,0022-06-29,Peak-Bloom,Asotin,1,OLB,Andrenidae,Andrena,,26,canola
3Aso12,0022-06-29,Peak-Bloom,Asotin,1,OLB,Andrenidae,Andrena,,26,canola
4Aso12,0022-06-29,Peak-Bloom,Asotin,1,OLB,Andrenidae,Andrena,,26,canola
5Aso12,0022-06-29,Peak-Bloom,Asotin,1,OLB,Andrenidae,Andrena,,26,canola
6Aso12,0022-06-29,Peak-Bloom,Asotin,1,OLB,Andrenidae,Andrena,,26,canola
7Aso12,0022-06-29,Peak-Bloom,Asotin,1,SB,Andrenidae,Andrena,,26,canola
8Aso12,0022-06-29,Peak-Bloom,Asotin,1,SB,Andrenidae,Andrena,,26,canola
9Aso12,0022-06-29,Peak-Bloom,Asotin,1,SB,Andrenidae,Protandrena,,26,canola
10Aso12,0022-06-29,Peak-Bloom,Asotin,1,SB,Colletidae,Colletes,,26,canola
11Aso12,0022-06-29,Peak-Bloom,Asotin,1,SB,Andrenidae,Protandrena,,26,canola
12Aso12,0022-06-29,Peak-Bloom,Asotin,1,SB,Andrenidae,Andrena,,26,canola
13Aso12,0022-06-29,Peak-Bloom,Asotin,1,SB,Halictidae,Lasioglossum,,26,canola
14Aso12,0022-06-29,Peak-Bloom,Asotin,1,SB,Halictidae,Lasioglossum,,26,canola
15Aso12,0022-06-29,Peak-Bloom,Asotin,1,SB,Andrenidae,Andrena,,26,canola
16Aso12,0022-06-29,Peak-Bloom,Asotin,1,SB,Andrenidae,Andrena,,26,canola
17Aso12,0022-06-29,Peak-Bloom,Asotin,1,SB,Andrenidae,Andrena,,26,canola
18Aso12,0022-06-29,Peak-Bloom,Asotin,1,SB,Andrenidae,Andrena,,26,canola
19Aso12,0022-06-29,Peak-Bloom,Asotin,1,SB,Andrenidae,Andrena,,26,canola
20Aso12,0022-06-29,Peak-Bloom,Asotin,1,SB,Andrenidae,Protandrena,,26,canola
1Aso22,0022-06-29,Peak-Bloom,Asotin,2,BB,Apidae,Bombus,,26,canola
2Aso22,0022-06-29,Peak-Bloom,Asotin,2,OLB,Andrenidae,Andrena,,26,canola
3Aso22,0022-06-29,Peak-Bloom,Asotin,2,OLB,Andrenidae,Andrena,,26,canola
4Aso22,0022-06-29,Peak-Bloom,Asotin,2,OLB,Andrenidae,Andrena,,26,canola
5Aso22,0022-06-29,Peak-Bloom,Asotin,2,OLB,Andrenidae,Andrena,,26,canola
6Aso22,0022-06-29,Peak-Bloom,Asotin,2,OLB,Andrenidae,Andrena,,26,canola
7Aso22,0022-06-29,Peak-Bloom,Asotin,2,OLB,Andrenidae,Andrena,,26,canola
8Aso22,0022-06-29,Peak-Bloom,Asotin,2,OLB,Halictidae,Halictus,,26,canola
9Aso22,0022-06-29,Peak-Bloom,Asotin,2,OLB,Halictidae,Lasioglossum,,26,canola
10Aso22,0022-06-29,Peak-Bloom,Asotin,2,SB,Halictidae,Lasioglossum,,26,canola
11Aso22,0022-06-29,Peak-Bloom,Asotin,2,SB,Halictidae,Halictus,,26,canola
12Aso22,0022-06-29,Peak-Bloom,Asotin,2,SB,Halictidae,Lasioglossum,,26,canola
13Aso22,0022-06-29,Peak-Bloom,Asotin,2,SB,Halictidae,Lasioglossum,,26,canola
14Aso22,0022-06-29,Peak-Bloom,Asotin,2,SB,Halictidae,Lasioglossum,,26,canola
15Aso22,0022-06-29,Peak-Bloom,Asotin,2,SB,Halictidae,Lasioglossum,,26,canola
16Aso22,0022-06-29,Peak-Bloom,Asotin,2,SB,Halictidae,Lasioglossum,,26,canola
17Aso22,0022-06-29,Peak-Bloom,Asotin,2,SB,Andrenidae,Andrena,Head missing, recovered,26,canola
18Aso22,0022-06-29,Peak-Bloom,Asotin,2,SB,Halictidae,Lasioglossum,,26,canola
19Aso22,0022-06-29,Peak-Bloom,Asotin,2,SB,Halictidae,Lasioglossum,,26,canola
1Aso32,0022-06-29,Peak-Bloom,Asotin,3,OLB,Andrenidae,Andrena,,26,canola
2Aso32,0022-06-29,Peak-Bloom,Asotin,3,OLB,Halictidae,Halictus,,26,canola
3Aso32,0022-06-29,Peak-Bloom,Asotin,3,SB,Halictidae,Lasioglossum,,26,canola
4Aso32,0022-06-29,Peak-Bloom,Asotin,3,SB,Apidae,Ceratina,,26,canola
5Aso32,0022-06-29,Peak-Bloom,Asotin,3,SB,Andrenidae,Andrena,,26,canola
1Aso42,0022-06-29,Peak-Bloom,Asotin,4,OLB,Andrenidae,Andrena,,26,canola
2Aso42,0022-06-29,Peak-Bloom,Asotin,4,OLB,Andrenidae,Andrena,,26,canola
3Aso42,0022-06-29,Peak-Bloom,Asotin,4,OLB,Andrenidae,Andrena,,26,canola
4Aso42,0022-06-29,Peak-Bloom,Asotin,4,OLB,Andrenidae,Andrena,,26,canola
5Aso42,0022-06-29,Peak-Bloom,Asotin,4,OLB,Andrenidae,Andrena,,26,canola
6Aso42,0022-06-29,Peak-Bloom,Asotin,4,OLB,Andrenidae,Andrena,,26,canola
7Aso42,0022-06-29,Peak-Bloom,Asotin,4,OLB,Andrenidae,Andrena,,26,canola
8Aso42,0022-06-29,Peak-Bloom,Asotin,4,OLB,Andrenidae,Andrena,,26,canola
9Aso42,0022-06-29,Peak-Bloom,Asotin,4,OLB,Andrenidae,Andrena,,26,canola
10Aso42,0022-06-29,Peak-Bloom,Asotin,4,OLB,Andrenidae,Protandrena,,26,canola
11Aso42,0022-06-29,Peak-Bloom,Asotin,4,OLB,Andrenidae,Andrena,,26,canola
12Aso42,0022-06-29,Peak-Bloom,Asotin,4,OLB,Andrenidae,Andrena,,26,canola
13Aso42,0022-06-29,Peak-Bloom,Asotin,4,OLB,Andrenidae,Andrena,,26,canola
14Aso42,0022-06-29,Peak-Bloom,Asotin,4,OLB,Andrenidae,Protandrena,,26,canola
15Aso42,0022-06-29,Peak-Bloom,Asotin,4,OLB,Andrenidae,Andrena,,26,canola
16Aso42,0022-06-29,Peak-Bloom,Asotin,4,OLB,Andrenidae,Andrena,,26,canola
17Aso42,0022-06-29,Peak-Bloom,Asotin,4,OLB,Andrenidae,Andrena,,26,canola
18Aso42,0022-06-29,Peak-Bloom,Asotin,4,OLB,Andrenidae,Andrena,missing abdomen,26,canola
19Aso42,0022-06-29,Peak-Bloom,Asotin,4,OLB,Andrenidae,Andrena,,26,canola
20Aso42,0022-06-29,Peak-Bloom,Asotin,4,OLB,Andrenidae,Andrena,missing head,26,canola
21Aso42,0022-06-29,Peak-Bloom,Asotin,4,OLB,Andrenidae,Andrena,,26,canola
22Aso42,0022-06-29,Peak-Bloom,Asotin,4,OLB,Andrenidae,Andrena,,26,canola
23Aso42,0022-06-29,Peak-Bloom,Asotin,4,OLB,Andrenidae,Andrena,,26,canola
24Aso42,0022-06-29,Peak-Bloom,Asotin,4,OLB,Andrenidae,Andrena,,26,canola
25Aso42,0022-06-29,Peak-Bloom,Asotin,4,OLB,Andrenidae,Andrena,,26,canola
26Aso42,0022-06-29,Peak-Bloom,Asotin,4,OLB,Andrenidae,Andrena,,26,canola
27Aso42,0022-06-29,Peak-Bloom,Asotin,4,OLB,Andrenidae,Andrena,,26,canola
28Aso42,0022-06-29,Peak-Bloom,Asotin,4,OLB,Andrenidae,Andrena,,26,canola
29Aso42,0022-06-29,Peak-Bloom,Asotin,4,OLB,Andrenidae,Andrena,,26,canola
30Aso42,0022-06-29,Peak-Bloom,Asotin,4,OLB,Andrenidae,Andrena,,26,canola
31Aso42,0022-06-29,Peak-Bloom,Asotin,4,OLB,Andrenidae,Andrena,,26,canola
32Aso42,0022-06-29,Peak-Bloom,Asotin,4,OLB,Andrenidae,Andrena,,26,canola
33Aso42,0022-06-29,Peak-Bloom,Asotin,4,OLB,Andrenidae,Andrena,,26,canola
34Aso42,0022-06-29,Peak-Bloom,Asotin,4,OLB,Andrenidae,Andrena,,26,canola
35Aso42,0022-06-29,Peak-Bloom,Asotin,4,OLB,Andrenidae,Andrena,,26,canola
36Aso42,0022-06-29,Peak-Bloom,Asotin,4,OLB,Andrenidae,Andrena,,26,canola
37Aso42,0022-06-29,Peak-Bloom,Asotin,4,OLB,Andrenidae,Andrena,,26,canola
38Aso42,0022-06-29,Peak-Bloom,Asotin,4,OLB,Andrenidae,Andrena,,26,canola
39Aso42,0022-06-29,Peak-Bloom,Asotin,4,OLB,Andrenidae,Andrena,,26,canola
40Aso42,0022-06-29,Peak-Bloom,Asotin,4,OLB,Andrenidae,Andrena,,26,canola
41Aso42,0022-06-29,Peak-Bloom,Asotin,4,OLB,Andrenidae,Andrena,,26,canola
42Aso42,0022-06-29,Peak-Bloom,Asotin,4,OLB,Andrenidae,Andrena,,26,canola
43Aso42,0022-06-29,Peak-Bloom,Asotin,4,OLB,Andrenidae,Andrena,,26,canola
44Aso42,0022-06-29,Peak-Bloom,Asotin,4,OLB,Andrenidae,Andrena,,26,canola
45Aso42,0022-06-29,Peak-Bloom,Asotin,4,OLB,Andrenidae,Andrena,,26,canola
46Aso42,0022-06-29,Peak-Bloom,Asotin,4,OLB,Andrenidae,Andrena,,26,canola
47Aso42,0022-06-29,Peak-Bloom,Asotin,4,OLB,Andrenidae,Andrena,,26,canola
48Aso42,0022-06-29,Peak-Bloom,Asotin,4,OLB,Andrenidae,Andrena,,26,canola
49Aso42,0022-06-29,Peak-Bloom,Asotin,4,OLB,Andrenidae,Andrena,,26,canola
50Aso42,0022-06-29,Peak-Bloom,Asotin,4,OLB,Andrenidae,Andrena,missing abdomen,26,canola
51Aso42,0022-06-29,Peak-Bloom,Asotin,4,OLB,Andrenidae,Andrena,,26,canola
52Aso42,0022-06-29,Peak-Bloom,Asotin,4,OLB,Andrenidae,Andrena,,26,canola
53Aso42,0022-06-29,Peak-Bloom,Asotin,4,SB,Halictidae,Lasioglossum,,26,canola
54Aso42,0022-06-29,Peak-Bloom,Asotin,4,SB,Halictidae,Lasioglossum,,26,canola
55Aso42,0022-06-29,Peak-Bloom,Asotin,4,SB,Halictidae,Lasioglossum,,26,canola
56Aso42,0022-06-29,Peak-Bloom,Asotin,4,SB,Halictidae,Lasioglossum,,26,canola
57Aso42,0022-06-29,Peak-Bloom,Asotin,4,SB,Halictidae,Lasioglossum,,26,canola
58Aso42,0022-06-29,Peak-Bloom,Asotin,4,SB,Andrenidae,Andrena,,26,canola
59Aso42,0022-06-29,Peak-Bloom,Asotin,4,SB,Andrenidae,Andrena,,26,canola
60Aso42,0022-06-29,Peak-Bloom,Asotin,4,SB,Andrenidae,Andrena,,26,canola
61Aso42,0022-06-29,Peak-Bloom,Asotin,4,SB,Halictidae,Lasioglossum,,26,canola
62Aso42,0022-06-29,Peak-Bloom,Asotin,4,SB,Halictidae,Lasioglossum,,26,canola
63Aso42,0022-06-29,Peak-Bloom,Asotin,4,SB,Halictidae,Lasioglossum,,26,canola
64Aso42,0022-06-29,Peak-Bloom,Asotin,4,SB,Halictidae,Lasioglossum,,26,canola
65Aso42,0022-06-29,Peak-Bloom,Asotin,4,SB,Andrenidae,Andrena,,26,canola
66Aso42,0022-06-29,Peak-Bloom,Asotin,4,SB,Andrenidae,Andrena,,26,canola
67Aso42,0022-06-29,Peak-Bloom,Asotin,4,SB,Andrenidae,Andrena,,26,canola
68Aso42,0022-06-29,Peak-Bloom,Asotin,4,SB,Halictidae,Lasioglossum,,26,canola
69Aso42,0022-06-29,Peak-Bloom,Asotin,4,SB,Halictidae,Lasioglossum,,26,canola
70Aso42,0022-06-29,Peak-Bloom,Asotin,4,SB,Halictidae,Lasioglossum,,26,canola
71Aso42,0022-06-29,Peak-Bloom,Asotin,4,SB,Halictidae,Lasioglossum,,26,canola
72Aso42,0022-06-29,Peak-Bloom,Asotin,4,SB,Halictidae,Lasioglossum,,26,canola
73Aso42,0022-06-29,Peak-Bloom,Asotin,4,SB,Halictidae,Lasioglossum,,26,canola
74Aso42,0022-06-29,Peak-Bloom,Asotin,4,SB,Halictidae,Lasioglossum,,26,canola
75Aso42,0022-06-29,Peak-Bloom,Asotin,4,SB,Andrenidae,Protandrena,,26,canola
76Aso42,0022-06-29,Peak-Bloom,Asotin,4,SB,Halictidae,Lasioglossum,,26,canola
77Aso42,0022-06-29,Peak-Bloom,Asotin,4,SB,Halictidae,Lasioglossum,,26,canola
78Aso42,0022-06-29,Peak-Bloom,Asotin,4,SB,Andrenidae,Protandrena,wing damaged. Very small compared to other protandrena,26,canola
79Aso42,0022-06-29,Peak-Bloom,Asotin,4,SB,Andrenidae,Perdita,,26,canola
1Ck11,0022-06-07,Pre-Bloom,Clark1,1,OLB,Andrenidae,Andrena,,23,canola
2Ck11,0022-06-07,Pre-Bloom,Clark1,1,OLB,Andrenidae,Andrena,,23,canola
3Ck11,0022-06-07,Pre-Bloom,Clark1,1,OLB,Andrenidae,Andrena,,23,canola
4Ck11,0022-06-07,Pre-Bloom,Clark1,1,SB,Megachilidae,Osmia,,23,canola
5Ck11,0022-06-07,Pre-Bloom,Clark1,1,SB,Apidae,Ceratina,,23,canola
6Ck11,0022-06-07,Pre-Bloom,Clark1,1,SB,Apidae,Ceratina,,23,canola
7Ck11,0022-06-07,Pre-Bloom,Clark1,1,SB,Apidae,Ceratina,,23,canola
8Ck11,0022-06-07,Pre-Bloom,Clark1,1,SB,Apidae,Ceratina,,23,canola
9Ck11,0022-06-07,Pre-Bloom,Clark1,1,SB,Apidae,Ceratina,,23,canola
10Ck11,0022-06-07,Pre-Bloom,Clark1,1,SB,Apidae,Ceratina,,23,canola
11Ck11,0022-06-07,Pre-Bloom,Clark1,1,SB,Apidae,Ceratina,,23,canola
12Ck11,0022-06-07,Pre-Bloom,Clark1,1,SB,Apidae,Ceratina,,23,canola
13Ck11,0022-06-07,Pre-Bloom,Clark1,1,SB,Apidae,Ceratina,,23,canola
14Ck11,0022-06-07,Pre-Bloom,Clark1,1,SB,Apidae,Ceratina,,23,canola
15Ck11,0022-06-07,Pre-Bloom,Clark1,1,SB,Apidae,Ceratina,,23,canola
16Ck11,0022-06-07,Pre-Bloom,Clark1,1,SB,Apidae,Ceratina,,23,canola
17Ck11,0022-06-07,Pre-Bloom,Clark1,1,SB,Apidae,Ceratina,,23,canola
18Ck11,0022-06-07,Pre-Bloom,Clark1,1,SB,Apidae,Ceratina,abdomen missing,23,canola
1Ck21,0022-06-07,Pre-Bloom,Clark1,2,SB,Apidae,Ceratina,,23,canola
2Ck21,0022-06-07,Pre-Bloom,Clark1,2,SB,Apidae,Ceratina,,23,canola
3Ck21,0022-06-07,Pre-Bloom,Clark1,2,SB,Apidae,Ceratina,,23,canola
1Ck31,0022-06-07,Pre-Bloom,Clark1,3,SB,Apidae,Ceratina,,23,canola
2Ck31,0022-06-07,Pre-Bloom,Clark1,3,OLB,Andrenidae,Andrena,,23,canola
1Ck41,0022-06-07,Pre-Bloom,Clark1,4,OLB,Apidae,Nomada,,23,canola
2Ck41,0022-06-07,Pre-Bloom,Clark1,4,OLB,Apidae,Nomada,,23,canola
3Ck41,0022-06-07,Pre-Bloom,Clark1,4,SB,Apidae,Nomada,,23,canola
4Ck41,0022-06-07,Pre-Bloom,Clark1,4,SB,Apidae,Nomada,,23,canola
5Ck41,0022-06-07,Pre-Bloom,Clark1,4,SB,Apidae,Nomada,,23,canola
6Ck41,0022-06-07,Pre-Bloom,Clark1,4,SB,Apidae,Nomada,,23,canola
7Ck41,0022-06-07,Pre-Bloom,Clark1,4,SB,Apidae,Nomada,,23,canola
8Ck41,0022-06-07,Pre-Bloom,Clark1,4,SB,Apidae,Nomada,,23,canola
9Ck41,0022-06-07,Pre-Bloom,Clark1,4,OLB,Andrenidae,Andrena,,23,canola
10Ck41,0022-06-07,Pre-Bloom,Clark1,4,OLB,Andrenidae,Andrena,,23,canola
11Ck41,0022-06-07,Pre-Bloom,Clark1,4,OLB,Andrenidae,Andrena,,23,canola
12Ck41,0022-06-07,Pre-Bloom,Clark1,4,OLB,Andrenidae,Andrena,,23,canola
13Ck41,0022-06-07,Pre-Bloom,Clark1,4,OLB,Andrenidae,Andrena,,23,canola
14Ck41,0022-06-07,Pre-Bloom,Clark1,4,OLB,Andrenidae,Andrena,,23,canola
15Ck41,0022-06-07,Pre-Bloom,Clark1,4,OLB,Andrenidae,Andrena,,23,canola
16Ck41,0022-06-07,Pre-Bloom,Clark1,4,OLB,Andrenidae,Andrena,,23,canola
17Ck41,0022-06-07,Pre-Bloom,Clark1,4,SB,Halictidae,Sphecodes,missing head,23,canola
18Ck41,0022-06-07,Pre-Bloom,Clark1,4,SB,Halictidae,Sphecodes,,23,canola
19Ck41,0022-06-07,Pre-Bloom,Clark1,4,SB,Halictidae,Sphecodes,,23,canola
20Ck41,0022-06-07,Pre-Bloom,Clark1,4,SB,Halictidae,Sphecodes,,23,canola
21Ck41,0022-06-07,Pre-Bloom,Clark1,4,SB,Apidae,Nomada,,23,canola
22Ck41,0022-06-07,Pre-Bloom,Clark1,4,SB,Apidae,Nomada,,23,canola
23Ck42,0022-06-07,Pre-Bloom,Clark1,4,SB,Apidae,Nomada,,23,canola
24Ck41,0022-06-07,Pre-Bloom,Clark1,4,SB,Apidae,Nomada,,23,canola
25Ck41,0022-06-07,Pre-Bloom,Clark1,4,OLB,Andrenidae,Andrena,,23,canola
26Ck41,0022-06-07,Pre-Bloom,Clark1,4,OLB,Andrenidae,Andrena,,23,canola
27Ck41,0022-06-07,Pre-Bloom,Clark1,4,OLB,Andrenidae,Andrena,,23,canola
28Ck41,0022-06-07,Pre-Bloom,Clark1,4,OLB,Andrenidae,Andrena,,23,canola
29Ck41,0022-06-07,Pre-Bloom,Clark1,4,OLB,Andrenidae,Andrena,,23,canola
30Ck41,0022-06-07,Pre-Bloom,Clark1,4,OLB,Andrenidae,Andrena,,23,canola
31Ck41,0022-06-07,Pre-Bloom,Clark1,4,OLB,Andrenidae,Andrena,,23,canola
32Ck41,0022-06-07,Pre-Bloom,Clark1,4,OLB,Andrenidae,Andrena,,23,canola
33Ck41,0022-06-07,Pre-Bloom,Clark1,4,OLB,Andrenidae,Andrena,,23,canola
34Ck41,0022-06-07,Pre-Bloom,Clark1,4,OLB,Andrenidae,Andrena,,23,canola
35Ck41,0022-06-07,Pre-Bloom,Clark1,4,OLB,Andrenidae,Andrena,,23,canola
36Ck41,0022-06-07,Pre-Bloom,Clark1,4,OLB,Andrenidae,Andrena,,23,canola
37Ck41,0022-06-07,Pre-Bloom,Clark1,4,OLB,Andrenidae,Andrena,,23,canola
38Ck41,0022-06-07,Pre-Bloom,Clark1,4,OLB,Andrenidae,Andrena,missing head,23,canola
39Ck41,0022-06-07,Pre-Bloom,Clark1,4,OLB,Andrenidae,Andrena,,23,canola
40Ck41,0022-06-07,Pre-Bloom,Clark1,4,OLB,Andrenidae,Andrena,,23,canola
41Ck41,0022-06-07,Pre-Bloom,Clark1,4,OLB,Andrenidae,Andrena,,23,canola
42Ck41,0022-06-07,Pre-Bloom,Clark1,4,OLB,Andrenidae,Andrena,,23,canola
43Ck41,0022-06-07,Pre-Bloom,Clark1,4,OLB,Andrenidae,Andrena,,23,canola
44Ck41,0022-06-07,Pre-Bloom,Clark1,4,OLB,Andrenidae,Andrena,,23,canola
45Ck41,0022-06-07,Pre-Bloom,Clark1,4,OLB,Andrenidae,Andrena,,23,canola
46Ck41,0022-06-07,Pre-Bloom,Clark1,4,OLB,Andrenidae,Andrena,,23,canola
47Ck41,0022-06-07,Pre-Bloom,Clark1,4,OLB,Andrenidae,Andrena,,23,canola
48Ck41,0022-06-07,Pre-Bloom,Clark1,4,OLB,Andrenidae,Andrena,,23,canola
49Ck41,0022-06-07,Pre-Bloom,Clark1,4,OLB,Andrenidae,Andrena,,23,canola
50Ck41,0022-06-07,Pre-Bloom,Clark1,4,OLB,Andrenidae,Andrena,,23,canola
51Ck41,0022-06-07,Pre-Bloom,Clark1,4,OLB,Andrenidae,Andrena,,23,canola
52Ck41,0022-06-07,Pre-Bloom,Clark1,4,OLB,Andrenidae,Andrena,,23,canola
53Ck41,0022-06-07,Pre-Bloom,Clark1,4,OLB,Andrenidae,Andrena,,23,canola
54Ck41,0022-06-07,Pre-Bloom,Clark1,4,OLB,Andrenidae,Andrena,,23,canola
55Ck41,0022-06-07,Pre-Bloom,Clark1,4,OLB,Andrenidae,Protandrena,,23,canola
56Ck41,0022-06-07,Pre-Bloom,Clark1,4,OLB,Andrenidae,Protandrena,,23,canola
57Ck41,0022-06-07,Pre-Bloom,Clark1,4,OLB,Andrenidae,Andrena,weird color morph?,23,canola
58Ck41,0022-06-07,Pre-Bloom,Clark1,4,SB,Apidae,Ceratina,,23,canola
59Ck41,0022-06-07,Pre-Bloom,Clark1,4,SB,Apidae,Ceratina,,23,canola
60Ck41,0022-06-07,Pre-Bloom,Clark1,4,SB,Apidae,Ceratina,,23,canola
61Ck41,0022-06-07,Pre-Bloom,Clark1,4,SB,Apidae,Ceratina,,23,canola
62Ck41,0022-06-07,Pre-Bloom,Clark1,4,SB,Apidae,Ceratina,,23,canola
63Ck41,0022-06-07,Pre-Bloom,Clark1,4,GB,Halictidae,Lasioglossum,,23,canola
64Ck41,0022-06-07,Pre-Bloom,Clark1,4,SB,Halictidae,Lasioglossum,,23,canola
65Ck41,0022-06-07,Pre-Bloom,Clark1,4,GB,Megachilidae,Osmia,,23,canola
66Ck41,0022-06-07,Pre-Bloom,Clark1,4,SB,Halictidae,Lasioglossum,,23,canola
67Ck41,0022-06-07,Pre-Bloom,Clark1,4,SB,Halictidae,Lasioglossum,,23,canola
68Ck41,0022-06-07,Pre-Bloom,Clark1,4,SB,Halictidae,Lasioglossum,,23,canola
69Ck41,0022-06-07,Pre-Bloom,Clark1,4,SB,Halictidae,Lasioglossum,,23,canola
70Ck41,0022-06-07,Pre-Bloom,Clark1,4,SB,Halictidae,Lasioglossum,,23,canola
71Ck41,0022-06-07,Pre-Bloom,Clark1,4,SB,Andrenidae,Andrena,,23,canola
72Ck41,0022-06-07,Pre-Bloom,Clark1,4,SB,Halictidae,Lasioglossum,,23,canola
73Ck41,0022-06-07,Pre-Bloom,Clark1,4,SB,Halictidae,Lasioglossum,,23,canola
74Ck41,0022-06-07,Pre-Bloom,Clark1,4,SB,Halictidae,Lasioglossum,,23,canola
75Ck41,0022-06-07,Pre-Bloom,Clark1,4,SB,Halictidae,Halictus,,23,canola
76Ck41,0022-06-07,Pre-Bloom,Clark1,4,SB,Andrenidae,Protandrena,,23,canola
77Ck41,0022-06-07,Pre-Bloom,Clark1,4,SB,Halictidae,Lasioglossum,,23,canola
78Ck41,0022-06-07,Pre-Bloom,Clark1,4,SB,Halictidae,Halictus,,23,canola
1Span12,0022-07-06,Peak-Bloom,Spangle,1,OLB,Halictidae,Halictus,,27,canola
1Span22,0022-07-06,Peak-Bloom,Spangle,2,SB,Andrenidae,Perdita,,27,canola
2Span22,0022-07-06,Peak-Bloom,Spangle,2,SB,Andrenidae,Perdita,,27,canola
3Span22,0022-07-06,Peak-Bloom,Spangle,2,SB,Halictidae,Lasioglossum,,27,canola
4Span22,0022-07-06,Peak-Bloom,Spangle,2,SB,Halictidae,Lasioglossum,,27,canola
5Span22,0022-07-06,Peak-Bloom,Spangle,2,SB,Halictidae,Lasioglossum,,27,canola
1Span32,0022-07-06,Peak-Bloom,Spangle,3,SB,Colletidae,Hylaeus,,27,canola
2Span32,0022-07-06,Peak-Bloom,Spangle,3,SB,Halictidae,Lasioglossum,,27,canola
1Span42,0022-07-06,Peak-Bloom,Spangle,4,SB,Colletidae,Hylaeus,,27,canola
1SH12,0022-07-08,Peak-Bloom,Smoot,1,SB,Apidae,Nomada,,27,canola
2SH12,0022-07-08,Peak-Bloom,Smoot,1,SB,Megachilidae,Osmia,,27,canola
3SH12,0022-07-08,Peak-Bloom,Smoot,1,GB,Halictidae,Agapostemon,,27,canola
4SH12,0022-07-08,Peak-Bloom,Smoot,1,OLB,Halictidae,Halictus,,27,canola
5SH12,0022-07-08,Peak-Bloom,Smoot,1,OLB,Halictidae,Halictus,,27,canola
6SH12,0022-07-08,Peak-Bloom,Smoot,1,OLB,Andrenidae,Andrena,,27,canola
7SH12,0022-07-08,Peak-Bloom,Smoot,1,SB,Halictidae,Sphecodes,,27,canola
8SH12,0022-07-08,Peak-Bloom,Smoot,1,SB,Halictidae,Lasioglossum,,27,canola
9SH12,0022-07-08,Peak-Bloom,Smoot,1,SB,Halictidae,Lasioglossum,,27,canola
1SH22,0022-07-08,Peak-Bloom,Smoot,2,SB,Apidae,Nomada,,27,canola
2SH22,0022-07-08,Peak-Bloom,Smoot,2,OLB,Apidae,Melissodes,,27,canola
3SH22,0022-07-08,Peak-Bloom,Smoot,2,SB,Halictidae,Lasioglossum,,27,canola
4SH22,0022-07-08,Peak-Bloom,Smoot,2,SB,Halictidae,Lasioglossum,,27,canola
5SH22,0022-07-08,Peak-Bloom,Smoot,2,GB,Halictidae,Lasioglossum,,27,canola
6SH22,0022-07-08,Peak-Bloom,Smoot,2,OLB,Halictidae,Halictus,,27,canola
7SH22,0022-07-08,Peak-Bloom,Smoot,2,OLB,Halictidae,Halictus,,27,canola
1SH32,0022-07-08,Peak-Bloom,Smoot,3,OLB,Andrenidae,Andrena,,27,canola
2SH32,0022-07-08,Peak-Bloom,Smoot,3,OLB,Andrenidae,Andrena,,27,canola
3SH32,0022-07-08,Peak-Bloom,Smoot,3,OLB,Halictidae,Halictus,,27,canola
4SH32,0022-07-08,Peak-Bloom,Smoot,3,OLB,Andrenidae,Andrena,,27,canola
1Plaz12,0022-07-06,Peak-Bloom,Plaza,1,SB,Andrenidae,Perdita,,27,canola
1Plaz42,0022-07-06,Peak-Bloom,Plaza,4,SB,Andrenidae,Perdita,,27,canola
2Plaz42,0022-07-06,Peak-Bloom,Plaza,4,OLB,Halictidae,Nomia,,27,canola
3Plaz42,0022-07-06,Peak-Bloom,Plaza,4,OLB,Halictidae,Nomia,,27,canola
4Plaz42,0022-07-06,Peak-Bloom,Plaza,4,SB,Colletidae,Hylaeus,,27,canola
5Plaz42,0022-07-06,Peak-Bloom,Plaza,4,OLB,Halictidae,Halictus,,27,canola
6Plaz42,0022-07-06,Peak-Bloom,Plaza,4,OLB,Halictidae,Halictus,,27,canola
7Plaz42,0022-07-06,Peak-Bloom,Plaza,4,SB,Andrenidae,Panurginus,,27,canola
1SH11,0022-06-21,Pre-Bloom,Smoot,1,SB,Halictidae,Halictus,,25,canola
1SH21,0022-06-21,Pre-Bloom,Smoot,2,OLB,Apidae,Nomada,,25,canola
2SH21,0022-06-21,Pre-Bloom,Smoot,2,OLB,Andrenidae,Andrena,,25,canola
3SH21,0022-06-21,Pre-Bloom,Smoot,2,SB,Apidae,Ceratina,,25,canola
4SH21,0022-06-21,Pre-Bloom,Smoot,2,SB,Apidae,Ceratina,,25,canola
5SH21,0022-06-21,Pre-Bloom,Smoot,2,SB,Apidae,Ceratina,,25,canola
6SH21,0022-06-21,Pre-Bloom,Smoot,2,SB,Halictidae,Halictus,,25,canola
7SH21,0022-06-21,Pre-Bloom,Smoot,2,SB,Halictidae,Halictus,,25,canola
8SH21,0022-06-21,Pre-Bloom,Smoot,2,SB,Andrenidae,Andrena,,25,canola
9SH21,0022-06-21,Pre-Bloom,Smoot,2,SB,Halictidae,Halictus,,25,canola
10SH21,0022-06-21,Pre-Bloom,Smoot,2,SB,Halictidae,Halictus,,25,canola
11SH21,0022-06-21,Pre-Bloom,Smoot,2,SB,Halictidae,Halictus,,25,canola
12SH21,0022-06-21,Pre-Bloom,Smoot,2,SB,Halictidae,Halictus,,25,canola
13SH21,0022-06-21,Pre-Bloom,Smoot,2,SB,Halictidae,Halictus,,25,canola
14SH21,0022-06-21,Pre-Bloom,Smoot,2,SB,Halictidae,Halictus,,25,canola
1SH31,0022-06-21,Pre-Bloom,Smoot,3,OLB,Apidae,Melissodes,,25,canola
2SH31,0022-06-21,Pre-Bloom,Smoot,3,OLB,Apidae,Nomada,,25,canola
3SH31,0022-06-21,Pre-Bloom,Smoot,3,OLB,Andrenidae,Andrena,,25,canola
4SH31,0022-06-21,Pre-Bloom,Smoot,3,SB,Halictidae,Lasioglossum,,25,canola
5SH31,0022-06-21,Pre-Bloom,Smoot,3,SB,Halictidae,Halictus,,25,canola
6SH31,0022-06-21,Pre-Bloom,Smoot,3,SB,Halictidae,Lasioglossum,,25,canola
7SH31,0022-06-21,Pre-Bloom,Smoot,3,SB,Apidae,Ceratina,,25,canola
8SH31,0022-06-21,Pre-Bloom,Smoot,3,SB,Apidae,Ceratina,,25,canola
9SH31,0022-06-21,Pre-Bloom,Smoot,3,SB,Apidae,Ceratina,,25,canola
10SH31,0022-06-21,Pre-Bloom,Smoot,3,SB,Apidae,Ceratina,,25,canola
11SH31,0022-06-21,Pre-Bloom,Smoot,3,SB,Apidae,Ceratina,,25,canola
12SH31,0022-06-21,Pre-Bloom,Smoot,3,SB,Apidae,Ceratina,,25,canola
13SH31,0022-06-21,Pre-Bloom,Smoot,3,OLB,Andrenidae,Andrena,,25,canola
14SH31,0022-06-21,Pre-Bloom,Smoot,3,OLB,Andrenidae,Andrena,,25,canola
15SH31,0022-06-21,Pre-Bloom,Smoot,3,SB,Halictidae,Lasioglossum,,25,canola
16SH31,0022-06-21,Pre-Bloom,Smoot,3,SB,Andrenidae,Andrena,,25,canola
17SH31,0022-06-21,Pre-Bloom,Smoot,3,SB,Halictidae,Lasioglossum,,25,canola
18SH31,0022-06-21,Pre-Bloom,Smoot,3,SB,Halictidae,Lasioglossum,,25,canola
19SH31,0022-06-21,Pre-Bloom,Smoot,3,SB,Andrenidae,Andrena,,25,canola
20SH31,0022-06-21,Pre-Bloom,Smoot,3,SB,Apidae,Ceratina,,25,canola
21SH31,0022-06-21,Pre-Bloom,Smoot,3,OLB,Andrenidae,Andrena,,25,canola
22SH31,0022-06-21,Pre-Bloom,Smoot,3,SB,Halictidae,Halictus,,25,canola
23SH31,0022-06-21,Pre-Bloom,Smoot,3,SB,Halictidae,Lasioglossum,,25,canola
24SH31,0022-06-21,Pre-Bloom,Smoot,3,SB,Halictidae,Halictus,,25,canola
25SH31,0022-06-21,Pre-Bloom,Smoot,3,SB,Halictidae,Sphecodes,,25,canola
26SH31,0022-06-21,Pre-Bloom,Smoot,3,SB,Halictidae,Lasioglossum,,25,canola
27SH31,0022-06-21,Pre-Bloom,Smoot,3,SB,Andrenidae,Andrena,,25,canola
28SH31,0022-06-21,Pre-Bloom,Smoot,3,SB,Halictidae,Halictus,,25,canola
29SH31,0022-06-21,Pre-Bloom,Smoot,3,SB,Halictidae,Lasioglossum,,25,canola
30SH31,0022-06-21,Pre-Bloom,Smoot,3,SB,Andrenidae,Andrena,,25,canola
31SH31,0022-06-21,Pre-Bloom,Smoot,3,OLB,Apidae,Nomada,abdomen missing,25,canola
32SH31,0022-06-21,Pre-Bloom,Smoot,3,OLB,Andrenidae,Andrena,Abdomen missing, recovered,25,canola
33SH31,0022-06-21,Pre-Bloom,Smoot,3,OLB,Andrenidae,Andrena,,25,canola
34SH31,0022-06-21,Pre-Bloom,Smoot,3,SB,Andrenidae,Andrena,,25,canola
35SH31,0022-06-21,Pre-Bloom,Smoot,3,SB,Andrenidae,Andrena,,25,canola
36SH31,0022-06-21,Pre-Bloom,Smoot,3,SB,Halictidae,Halictus,,25,canola
37SH31,0022-06-21,Pre-Bloom,Smoot,3,SB,Halictidae,Halictus,,25,canola
38SH31,0022-06-21,Pre-Bloom,Smoot,3,SB,Halictidae,Halictus,,25,canola
39SH31,0022-06-21,Pre-Bloom,Smoot,3,SB,Halictidae,Lasioglossum,,25,canola
40SH31,0022-06-21,Pre-Bloom,Smoot,3,SB,Halictidae,Lasioglossum,,25,canola
41SH31,0022-06-21,Pre-Bloom,Smoot,3,SB,Halictidae,Lasioglossum,,25,canola
42SH31,0022-06-21,Pre-Bloom,Smoot,3,SB,Halictidae,Lasioglossum,,25,canola
43SH31,0022-06-21,Pre-Bloom,Smoot,3,SB,Halictidae,Sphecodes,,25,canola
44SH31,0022-06-21,Pre-Bloom,Smoot,3,SB,Andrenidae,Andrena,,25,canola
45SH31,0022-06-21,Pre-Bloom,Smoot,3,SB,Andrenidae,Andrena,,25,canola
46SH31,0022-06-21,Pre-Bloom,Smoot,3,SB,Andrenidae,Andrena,,25,canola
47SH31,0022-06-21,Pre-Bloom,Smoot,3,SB,Halictidae,Halictus,,25,canola
1SH41,0022-06-21,Pre-Bloom,Smoot,4,SB,Apidae,Nomada,,25,canola
2SH41,0022-06-21,Pre-Bloom,Smoot,4,OLB,Apidae,Nomada,,25,canola
3SH41,0022-06-21,Pre-Bloom,Smoot,4,SB,Apidae,Ceratina,,25,canola
4SH41,0022-06-21,Pre-Bloom,Smoot,4,OLB,Andrenidae,Andrena,,25,canola
5SH41,0022-06-21,Pre-Bloom,Smoot,4,SB,Halictidae,Lasioglossum,,25,canola
6SH41,0022-06-21,Pre-Bloom,Smoot,4,SB,Halictidae,Lasioglossum,,25,canola
7SH41,0022-06-21,Pre-Bloom,Smoot,4,SB,Apidae,Ceratina,abdomen missing,25,canola
8SH41,0022-06-21,Pre-Bloom,Smoot,4,SB,Halictidae,Sphecodes,,25,canola
9SH41,0022-06-21,Pre-Bloom,Smoot,4,SB,Apidae,Ceratina,,25,canola
10SH41,0022-06-21,Pre-Bloom,Smoot,4,OLB,Apidae,Nomada,,25,canola
11SH41,0022-06-21,Pre-Bloom,Smoot,4,SB,Halictidae,Halictus,,25,canola
12SH41,0022-06-21,Pre-Bloom,Smoot,4,SB,Halictidae,Lasioglossum,,25,canola
13SH41,0022-06-21,Pre-Bloom,Smoot,4,OLB,Andrenidae,Andrena,,25,canola
14SH41,0022-06-21,Pre-Bloom,Smoot,4,SB,Andrenidae,Andrena,,25,canola
15SH41,0022-06-21,Pre-Bloom,Smoot,4,SB,Halictidae,Sphecodes,,25,canola
16SH41,0022-06-21,Pre-Bloom,Smoot,4,SB,Halictidae,Lasioglossum,,25,canola
17SH41,0022-06-21,Pre-Bloom,Smoot,4,SB,Halictidae,Lasioglossum,,25,canola
18SH41,0022-06-21,Pre-Bloom,Smoot,4,SB,Apidae,Ceratina,head missing, recovered,25,canola
19SH41,0022-06-21,Pre-Bloom,Smoot,4,SB,Apidae,Ceratina,,25,canola
20SH41,0022-06-21,Pre-Bloom,Smoot,4,SB,Andrenidae,Andrena,,25,canola
21SH41,0022-06-21,Pre-Bloom,Smoot,4,SB,Halictidae,Lasioglossum,,25,canola
22SH41,0022-06-21,Pre-Bloom,Smoot,4,SB,Halictidae,Halictus,,25,canola
23SH41,0022-06-21,Pre-Bloom,Smoot,4,SB,Halictidae,Lasioglossum,,25,canola
24SH41,0022-06-21,Pre-Bloom,Smoot,4,GB,Megachilidae,Osmia,,25,canola
25SH41,0022-06-21,Pre-Bloom,Smoot,4,SB,Halictidae,Lasioglossum,,25,canola
26SH41,0022-06-21,Pre-Bloom,Smoot,4,SB,Halictidae,Lasioglossum,,25,canola
27SH41,0022-06-21,Pre-Bloom,Smoot,4,SB,Apidae,Ceratina,missing head and abdomen,25,canola
28SH41,0022-06-21,Pre-Bloom,Smoot,4,OLB,Apidae,Melissodes,,25,canola
1Hut12,0022-07-07,Peak-Bloom,Hutchins,1,OLB,Andrenidae,Andrena,,27,canola
2Hut12,0022-07-07,Peak-Bloom,Hutchins,1,SB,Halictidae,Lasioglossum,,27,canola
3Hut12,0022-07-07,Peak-Bloom,Hutchins,1,SB,Halictidae,Lasioglossum,,27,canola
4Hut12,0022-07-07,Peak-Bloom,Hutchins,1,SB,Halictidae,Lasioglossum,,27,canola
5Hut12,0022-07-07,Peak-Bloom,Hutchins,1,SB,Halictidae,Lasioglossum,,27,canola
6Hut12,0022-07-07,Peak-Bloom,Hutchins,1,SB,Halictidae,Lasioglossum,,27,canola
7Hut12,0022-07-07,Peak-Bloom,Hutchins,1,SB,Halictidae,Lasioglossum,,27,canola
8Hut12,0022-07-07,Peak-Bloom,Hutchins,1,SB,Halictidae,Lasioglossum,,27,canola
9Hut12,0022-07-07,Peak-Bloom,Hutchins,1,SB,Halictidae,Lasioglossum,head missing, recovered,27,canola
10Hut12,0022-07-07,Peak-Bloom,Hutchins,1,SB,Halictidae,Lasioglossum,head missing, recovered,27,canola
11Hut12,0022-07-07,Peak-Bloom,Hutchins,1,SB,Halictidae,Lasioglossum,Abdomen missing, recovered,27,canola
1Hut22,0022-07-07,Peak-Bloom,Hutchins,2,SB,Halictidae,Lasioglossum,,27,canola
2Hut22,0022-07-07,Peak-Bloom,Hutchins,2,SB,Halictidae,Lasioglossum,,27,canola
3Hut22,0022-07-07,Peak-Bloom,Hutchins,2,SB,Halictidae,Lasioglossum,,27,canola
4Hut22,0022-07-07,Peak-Bloom,Hutchins,2,SB,Halictidae,Lasioglossum,,27,canola
5Hut22,0022-07-07,Peak-Bloom,Hutchins,2,SB,Halictidae,Lasioglossum,,27,canola
6Hut22,0022-07-07,Peak-Bloom,Hutchins,2,SB,Halictidae,Lasioglossum,,27,canola
7Hut22,0022-07-07,Peak-Bloom,Hutchins,2,SB,Halictidae,Lasioglossum,,27,canola
8Hut22,0022-07-07,Peak-Bloom,Hutchins,2,OLB,Andrenidae,Andrena,,27,canola
9Hut22,0022-07-07,Peak-Bloom,Hutchins,2,SB,Halictidae,Lasioglossum,head missing, recovered,27,canola
10Hut22,0022-07-07,Peak-Bloom,Hutchins,2,SB,Halictidae,Lasioglossum,head missing, recovered,27,canola
11Hut22,0022-07-07,Peak-Bloom,Hutchins,2,SB,Halictidae,Lasioglossum,head missing, recovered,27,canola
1Hut32,0022-07-07,Peak-Bloom,Hutchins,3,SB,Halictidae,Sphecodes,,27,canola
2Hut32,0022-07-07,Peak-Bloom,Hutchins,3,SB,Halictidae,Lasioglossum,,27,canola
3Hut32,0022-07-07,Peak-Bloom,Hutchins,3,SB,Halictidae,Lasioglossum,,27,canola
4Hut32,0022-07-07,Peak-Bloom,Hutchins,3,SB,Halictidae,Lasioglossum,,27,canola
5Hut32,0022-07-07,Peak-Bloom,Hutchins,3,SB,Halictidae,Lasioglossum,,27,canola
6Hut32,0022-07-07,Peak-Bloom,Hutchins,3,SB,Halictidae,Lasioglossum,,27,canola
7Hut32,0022-07-07,Peak-Bloom,Hutchins,3,SB,Halictidae,Lasioglossum,,27,canola
8Hut32,0022-07-07,Peak-Bloom,Hutchins,3,SB,Halictidae,Lasioglossum,,27,canola
9Hut32,0022-07-07,Peak-Bloom,Hutchins,3,SB,Halictidae,Halictus,,27,canola
10Hut32,0022-07-07,Peak-Bloom,Hutchins,3,SB,Andrenidae,Andrena,,27,canola
11Hut32,0022-07-07,Peak-Bloom,Hutchins,3,SB,Halictidae,Lasioglossum,,27,canola
12Hut32,0022-07-07,Peak-Bloom,Hutchins,3,SB,Halictidae,Lasioglossum,,27,canola
13Hut32,0022-07-07,Peak-Bloom,Hutchins,3,SB,Halictidae,Lasioglossum,,27,canola
14Hut32,0022-07-07,Peak-Bloom,Hutchins,3,SB,Halictidae,Lasioglossum,,27,canola
15Hut32,0022-07-07,Peak-Bloom,Hutchins,3,SB,Halictidae,Lasioglossum,,27,canola
16Hut32,0022-07-07,Peak-Bloom,Hutchins,3,SB,Halictidae,Lasioglossum,,27,canola
17Hut32,0022-07-07,Peak-Bloom,Hutchins,3,SB,Halictidae,Lasioglossum,,27,canola
1Hut42,0022-07-07,Peak-Bloom,Hutchins,4,SB,Halictidae,Lasioglossum,,27,canola
2Hut42,0022-07-07,Peak-Bloom,Hutchins,4,SB,Halictidae,Lasioglossum,,27,canola
3Hut42,0022-07-07,Peak-Bloom,Hutchins,4,SB,Halictidae,Lasioglossum,,27,canola
4Hut42,0022-07-07,Peak-Bloom,Hutchins,4,SB,Halictidae,Lasioglossum,,27,canola
5Hut42,0022-07-07,Peak-Bloom,Hutchins,4,SB,Halictidae,Lasioglossum,,27,canola
6Hut42,0022-07-07,Peak-Bloom,Hutchins,4,SB,Halictidae,Lasioglossum,,27,canola
7Hut42,0022-07-07,Peak-Bloom,Hutchins,4,SB,Halictidae,Lasioglossum,,27,canola
8Hut42,0022-07-07,Peak-Bloom,Hutchins,4,SB,Halictidae,Lasioglossum,,27,canola
9Hut42,0022-07-07,Peak-Bloom,Hutchins,4,SB,Halictidae,Lasioglossum,,27,canola
10Hut42,0022-07-07,Peak-Bloom,Hutchins,4,SB,Halictidae,Lasioglossum,,27,canola
11Hut42,0022-07-07,Peak-Bloom,Hutchins,4,SB,Halictidae,Halictus,,27,canola
12Hut42,0022-07-07,Peak-Bloom,Hutchins,4,SB,Colletidae,Hylaeus,,27,canola
13Hut42,0022-07-07,Peak-Bloom,Hutchins,4,OLB,Andrenidae,Andrena,,27,canola
14Hut42,0022-07-07,Peak-Bloom,Hutchins,4,SB,Halictidae,Lasioglossum,,27,canola
15Hut42,0022-07-07,Peak-Bloom,Hutchins,4,SB,Halictidae,Lasioglossum,,27,canola
16Hut42,0022-07-07,Peak-Bloom,Hutchins,4,SB,Halictidae,Lasioglossum,,27,canola
17Hut42,0022-07-07,Peak-Bloom,Hutchins,4,SB,Halictidae,Lasioglossum,,27,canola
18Hut42,0022-07-07,Peak-Bloom,Hutchins,4,SB,Halictidae,Lasioglossum,,27,canola
19Hut42,0022-07-07,Peak-Bloom,Hutchins,4,SB,Halictidae,Lasioglossum,,27,canola
20Hut42,0022-07-07,Peak-Bloom,Hutchins,4,SB,Halictidae,Lasioglossum,,27,canola
21Hut42,0022-07-07,Peak-Bloom,Hutchins,4,SB,Halictidae,Lasioglossum,head missing,27,canola
22Hut42,0022-07-07,Peak-Bloom,Hutchins,4,SB,Halictidae,Lasioglossum,,27,canola
23Hut42,0022-07-07,Peak-Bloom,Hutchins,4,SB,Halictidae,Lasioglossum,,27,canola
24Hut42,0022-07-07,Peak-Bloom,Hutchins,4,SB,Halictidae,Lasioglossum,,27,canola
25Hut42,0022-07-07,Peak-Bloom,Hutchins,4,SB,Halictidae,Lasioglossum,,27,canola
26Hut42,0022-07-07,Peak-Bloom,Hutchins,4,SB,Halictidae,Sphecodes,,27,canola
1Chpp12,0022-07-05,Peak-Bloom,Chipman2,1,SB,Apidae,Ceratina,F,27,canola
1Chpp32,0022-07-05,Peak-Bloom,Chipman2,3,SB,Apidae,Nomada,,27,canola
2Chpp32,0022-07-05,Peak-Bloom,Chipman2,3,SB,Apidae,Ceratina,M,27,canola
3Chpp32,0022-07-05,Peak-Bloom,Chipman2,3,SB,Apidae,Ceratina,M,27,canola
4Chpp32,0022-07-05,Peak-Bloom,Chipman2,3,SB,Apidae,Ceratina,M,27,canola
5Chpp32,0022-07-05,Peak-Bloom,Chipman2,3,SB,Apidae,Ceratina,M,27,canola
1Chpp42,0022-07-05,Peak-Bloom,Chipman2,4,SB,Andrenidae,Andrena,,27,canola
2Chpp42,0022-07-05,Peak-Bloom,Chipman2,4,SB,Apidae,Ceratina,F,27,canola
3Chpp42,0022-07-05,Peak-Bloom,Chipman2,4,SB,Apidae,Ceratina,F,27,canola
4Chpp42,0022-07-05,Peak-Bloom,Chipman2,4,SB,Apidae,Ceratina,F,27,canola
5Chpp42,0022-07-05,Peak-Bloom,Chipman2,4,SB,Apidae,Ceratina,F,27,canola
