ID,Date,Period,Site,Transect,Morphogroup,Family,Genus,Notes,
3Kam43,0022-07-19,3,Kamiak,4,GB,Halictidae,Agapostemon,,
32Chp33,0022-07-25,3,Chipman1,3,GB,Halictidae,Agapostemon,Texanus,
3SH12,0022-07-08,2,Smoot ,1,GB,Halictidae,Agapostemon,,
4Chpp41,0022-06-02,1,Chipman2,4,SB,Andrenidae,Andrena,,
9Chpp41,0022-06-02,1,Chipman2,4,SB,Andrenidae,Andrena,,
35Chpp41,0022-06-02,1,Chipman2,4,OLB,Andrenidae,Andrena,,
39Chpp41,0022-06-02,1,Chipman2,4,OLB,Andrenidae,Andrena,,
40Chpp41,0022-06-02,1,Chipman2,4,OLB,Andrenidae,Andrena,,
41Chpp41,0022-06-02,1,Chipman2,4,OLB,Andrenidae,Andrena,,
42Chpp41,0022-06-02,1,Chipman2,4,OLB,Andrenidae,Andrena,,
43Chpp41,0022-06-02,1,Chipman2,4,OLB,Andrenidae,Andrena,,
28Chpp31,0022-06-02,1,Chipman2,3,SB,Andrenidae,Andrena,Male,
31Chpp31,0022-06-02,1,Chipman2,3,SB,Andrenidae,Andrena,Male,
3Chpp11,0022-06-02,1,Chipman2,1,OLB,Andrenidae,Andrena,"Female, some pollen on leg",
12Chpp11,0022-06-02,1,Chipman2,1,OLB,Andrenidae,Andrena,,
57Chpp21,0022-06-02,1,Chipman2,2,OLB,Andrenidae,Andrena,Male,
58Chpp21,0022-06-02,1,Chipman2,2,OLB,Andrenidae,Andrena,,
34Chp11,0022-06-02,1,Chipman1,1,OLB,Andrenidae,Andrena,,
3Chp21,0022-06-02,1,Chipman1,2,OLB,Andrenidae,Andrena,,
6Chp31,0022-06-02,1,Chipman1,3,OLB,Andrenidae,Andrena,Abdomen missing/recovered,
8Chp31,0022-06-02,1,Chipman1,3,OLB,Andrenidae,Andrena,,
2Chp41,0022-06-02,1,Chipman1,4,OLB,Andrenidae,Andrena,,
4Chp41,0022-06-02,1,Chipman1,4,OLB,Andrenidae,Andrena,,
6Chp41,0022-06-02,1,Chipman1,4,OLB,Andrenidae,Andrena,,
9Ck22,0022-06-28,2,Clark1,2,OLB,Andrenidae,Andrena,,
3Ck32,0022-06-28,2,Clark1,3,OLB,Andrenidae,Andrena,Male,
4Ck32,0022-06-28,2,Clark1,3,OLB,Andrenidae,Andrena,Male,
4Ck42,0022-06-28,2,Clark1,4,OLB,Andrenidae,Andrena,,
5Ck42,0022-06-28,2,Clark1,4,OLB,Andrenidae,Andrena,Male,
3Aso31,0022-06-08,1,Asotin,3,OLB,Andrenidae,Andrena,Male,
4Aso31,0022-06-08,1,Asotin,3,OLB,Andrenidae,Andrena,,
5Aso31,0022-06-08,1,Asotin,3,OLB,Andrenidae,Andrena,,
1Aso41,0022-06-08,1,Asotin,4,OLB,Andrenidae,Andrena,Head missing/recovered,
7Aso41,0022-06-08,1,Asotin,4,OLB,Andrenidae,Andrena,Male,
8Aso41,0022-06-08,1,Asotin,4,OLB,Andrenidae,Andrena,,
9Aso41,0022-06-08,1,Asotin,4,OLB,Andrenidae,Andrena,,
10Aso41,0022-06-08,1,Asotin,4,OLB,Andrenidae,Andrena,,
11Aso41,0022-06-08,1,Asotin,4,OLB,Andrenidae,Andrena,,
12Aso41,0022-06-08,1,Asotin,4,OLB,Andrenidae,Andrena,,
13Aso41,0022-06-08,1,Asotin,4,OLB,Andrenidae,Andrena,,
14Aso41,0022-06-08,1,Asotin,4,OLB,Andrenidae,Andrena,,
15Aso41,0022-06-08,1,Asotin,4,OLB,Andrenidae,Andrena,,
18Aso41,0022-06-08,1,Asotin,4,OLB,Andrenidae,Andrena,,
19Aso41,0022-06-08,1,Asotin,4,OLB,Andrenidae,Andrena,,
20Aso41,0022-06-08,1,Asotin,4,OLB,Andrenidae,Andrena,,
1Span11,0022-06-09,1,Spangle,1,SB,Andrenidae,Andrena,,
2Span11,0022-06-09,1,Spangle,1,SB,Andrenidae,Andrena,,
1Span21,0022-06-09,1,Spangle,2,OLB,Andrenidae,Andrena,Male,
3Span21,0022-06-09,1,Spangle,2,OLB,Andrenidae,Andrena,,
1Span41,0022-06-09,1,Spangle,4,SB,Andrenidae,Andrena,,
3Hut21,0022-06-22,1,Hutchins,2,OLB,Andrenidae,Andrena,,
4Ckk12,0022-06-27,2,Clark2,1,SB,Andrenidae,Andrena,,
6Ckk22,0022-06-27,2,Clark2,2,SB,Andrenidae,Andrena,,
2Ckk32,0022-06-27,2,Clark2,3,SB,Andrenidae,Andrena,,
5Ckk32,0022-06-27,2,Clark2,3,OLB,Andrenidae,Andrena,,
7Ckk32,0022-06-27,2,Clark2,3,SB,Andrenidae,Andrena,,
8Ckk32,0022-06-27,2,Clark2,3,SB,Andrenidae,Andrena,,
4Kam43,0022-07-19,3,Kamiak,4,OLB,Andrenidae,Andrena,,
5Kam43,0022-07-19,3,Kamiak,4,OLB,Andrenidae,Andrena,Abdomen missing/recovered,
15Kam11,0022-06-15,1,Kamiak,1,OLB,Andrenidae,Andrena,,
16Kam11,0022-06-15,1,Kamiak,1,OLB,Andrenidae,Andrena,,
22Kam11,0022-06-15,1,Kamiak,1,OLB,Andrenidae,Andrena,,
23Kam11,0022-06-15,1,Kamiak,1,OLB,Andrenidae,Andrena,,
25Kam11,0022-06-15,1,Kamiak,1,SB,Andrenidae,Andrena,,
29Kam11,0022-06-15,1,Kamiak,1,OLB,Andrenidae,Andrena,,
8Kam31,0022-06-15,1,Kamiak,3,OLB,Andrenidae,Andrena,,
4Kam41,0022-06-15,1,Kamiak,4,SB,Andrenidae,Andrena,,
5Kam41,0022-06-15,1,Kamiak,4,SB,Andrenidae,Andrena,,
7Kam41,0022-06-15,1,Kamiak,4,OLB,Andrenidae,Andrena,,
13Ckk21,0022-06-07,1,Clark2,2,OLB,Andrenidae,Andrena,,
3Ck13,0022-07-26,3,Clark1,1,OLB,Andrenidae,Andrena,,
4Ck13,0022-07-26,3,Clark1,1,OLB,Andrenidae,Andrena,,
1Plaz11,0022-06-09,1,Plaza,1,SB,Andrenidae,Andrena,,
1Plaz21,0022-06-09,1,Plaza,2,OLB,Andrenidae,Andrena,,
1Plaz41,0022-06-09,1,Plaza,4,OLB,Andrenidae,Andrena,,
1Chp13,0022-07-25,3,Chipman1,1,OLB,Andrenidae,Andrena,,
2Chp13,0022-07-25,3,Chipman1,1,OLB,Andrenidae,Andrena,,
31Chp33,0022-07-25,3,Chipman1,3,OLB,Andrenidae,Andrena,,
75Chp33,0022-07-25,3,Chipman1,3,SB,Andrenidae,Andrena,,
1Hut33,0022-07-20,3,Hutchins,3,OLB,Andrenidae,Andrena,,
1Hut43,0022-07-20,3,Hutchins,4,OLB,Andrenidae,Andrena,,
2Span33,0022-08-02,3,Spangle,3,OLB,Andrenidae,Andrena,,
3Span33,0022-08-02,3,Spangle,3,OLB,Andrenidae,Andrena,,
1Aso13,0022-07-21,3,Asotin,1,OLB,Andrenidae,Andrena,,
5Aso43,0022-07-21,3,Asotin,4,OLB,Andrenidae,Andrena,,
6Aso43,0022-07-21,3,Asotin,4,OLB,Andrenidae,Andrena,,
7Aso43,0022-07-21,3,Asotin,4,OLB,Andrenidae,Andrena,,
8Aso43,0022-07-21,3,Asotin,4,OLB,Andrenidae,Andrena,,
9Aso43,0022-07-21,3,Asotin,4,OLB,Andrenidae,Andrena,,
10Aso43,0022-07-21,3,Asotin,4,OLB,Andrenidae,Andrena,,
11Aso43,0022-07-21,3,Asotin,4,OLB,Andrenidae,Andrena,,
12Aso43,0022-07-21,3,Asotin,4,OLB,Andrenidae,Andrena,,
15Aso43,0022-07-21,3,Asotin,4,SB,Andrenidae,Andrena,,
16Aso43,0022-07-21,3,Asotin,4,SB,Andrenidae,Andrena,,
17Aso43,0022-07-21,3,Asotin,4,SB,Andrenidae,Andrena,,
18Aso43,0022-07-21,3,Asotin,4,SB,Andrenidae,Andrena,,
19Aso43,0022-07-21,3,Asotin,4,SB,Andrenidae,Andrena,,
20Aso43,0022-07-21,3,Asotin,4,SB,Andrenidae,Andrena,,
21Aso43,0022-07-21,3,Asotin,4,SB,Andrenidae,Andrena,,
2Chp12,0022-07-05,2,Chipman1,1,SB,Andrenidae,Andrena,,
11Chp32,0022-07-05,2,Chipman1,3,OLB,Andrenidae,Andrena,,
12Chp32,0022-07-05,2,Chipman1,3,OLB,Andrenidae,Andrena,,
14Chp32,0022-07-05,2,Chipman1,3,SB,Andrenidae,Andrena,,
15Chp32,0022-07-05,2,Chipman1,3,SB,Andrenidae,Andrena,,
16Chp32,0022-07-05,2,Chipman1,3,SB,Andrenidae,Andrena,,
17Chp32,0022-07-05,2,Chipman1,3,SB,Andrenidae,Andrena,,
1Chp42,0022-07-05,2,Chipman1,4,OLB,Andrenidae,Andrena,,
11Chp42,0022-07-05,2,Chipman1,4,OLB,Andrenidae,Andrena,,
12Chp42,0022-07-05,2,Chipman1,4,OLB,Andrenidae,Andrena,,
13Chp42,0022-07-05,2,Chipman1,4,SB,Andrenidae,Andrena,,
14Chp42,0022-07-05,2,Chipman1,4,SB,Andrenidae,Andrena,,
15Chp42,0022-07-05,2,Chipman1,4,SB,Andrenidae,Andrena,,
16Chp42,0022-07-05,2,Chipman1,4,SB,Andrenidae,Andrena,,
5Kam12,0022-06-30,2,Kamiak,1,OLB,Andrenidae,Andrena,,
2Kam22,0022-06-30,2,Kamiak,2,OLB,Andrenidae,Andrena,,
6Kam22,0022-06-30,2,Kamiak,2,OLB,Andrenidae,Andrena,,
7Kam22,0022-06-30,2,Kamiak,2,OLB,Andrenidae,Andrena,,
8Kam22,0022-06-30,2,Kamiak,2,OLB,Andrenidae,Andrena,,
9Kam22,0022-06-30,2,Kamiak,2,OLB,Andrenidae,Andrena,,
10Kam22,0022-06-30,2,Kamiak,2,OLB,Andrenidae,Andrena,,
7Kam32,0022-06-30,2,Kamiak,3,OLB,Andrenidae,Andrena,,
8Kam32,0022-06-30,2,Kamiak,3,OLB,Andrenidae,Andrena,,
9Kam32,0022-06-30,2,Kamiak,3,SB,Andrenidae,Andrena,,
4Kam42,0022-06-30,2,Kamiak,4,OLB,Andrenidae,Andrena,,
2Aso12,0022-06-29,2,Asotin,1,OLB,Andrenidae,Andrena,,
3Aso12,0022-06-29,2,Asotin,1,OLB,Andrenidae,Andrena,,
4Aso12,0022-06-29,2,Asotin,1,OLB,Andrenidae,Andrena,,
5Aso12,0022-06-29,2,Asotin,1,OLB,Andrenidae,Andrena,,
6Aso12,0022-06-29,2,Asotin,1,OLB,Andrenidae,Andrena,,
7Aso12,0022-06-29,2,Asotin,1,SB,Andrenidae,Andrena,,
8Aso12,0022-06-29,2,Asotin,1,SB,Andrenidae,Andrena,,
11Aso12,0022-06-29,2,Asotin,1,SB,Andrenidae,Andrena,,
12Aso12,0022-06-29,2,Asotin,1,SB,Andrenidae,Andrena,,
14Aso12,0022-06-29,2,Asotin,1,SB,Andrenidae,Andrena,,
15Aso12,0022-06-29,2,Asotin,1,SB,Andrenidae,Andrena,,
16Aso12,0022-06-29,2,Asotin,1,SB,Andrenidae,Andrena,,
17Aso12,0022-06-29,2,Asotin,1,SB,Andrenidae,Andrena,,
18Aso12,0022-06-29,2,Asotin,1,SB,Andrenidae,Andrena,,
19Aso12,0022-06-29,2,Asotin,1,SB,Andrenidae,Andrena,,
2Aso22,0022-06-29,2,Asotin,2,OLB,Andrenidae,Andrena,,
3Aso22,0022-06-29,2,Asotin,2,OLB,Andrenidae,Andrena,,
4Aso22,0022-06-29,2,Asotin,2,OLB,Andrenidae,Andrena,,
5Aso22,0022-06-29,2,Asotin,2,OLB,Andrenidae,Andrena,,
6Aso22,0022-06-29,2,Asotin,2,OLB,Andrenidae,Andrena,,
7Aso22,0022-06-29,2,Asotin,2,OLB,Andrenidae,Andrena,,
17Aso22,0022-06-29,2,Asotin,2,SB,Andrenidae,Andrena,"Head missing, recovered",
1Aso32,0022-06-29,2,Asotin,3,OLB,Andrenidae,Andrena,,
5Aso32,0022-06-29,2,Asotin,3,SB,Andrenidae,Andrena,,
1Aso42,0022-06-29,2,Asotin,4,OLB,Andrenidae,Andrena,,
2Aso42,0022-06-29,2,Asotin,4,OLB,Andrenidae,Andrena,,
3Aso42,0022-06-29,2,Asotin,4,OLB,Andrenidae,Andrena,,
4Aso42,0022-06-29,2,Asotin,4,OLB,Andrenidae,Andrena,,
5Aso42,0022-06-29,2,Asotin,4,OLB,Andrenidae,Andrena,,
6Aso42,0022-06-29,2,Asotin,4,OLB,Andrenidae,Andrena,,
7Aso42,0022-06-29,2,Asotin,4,OLB,Andrenidae,Andrena,,
8Aso42,0022-06-29,2,Asotin,4,OLB,Andrenidae,Andrena,,
9Aso42,0022-06-29,2,Asotin,4,OLB,Andrenidae,Andrena,,
10Aso42,0022-06-29,2,Asotin,4,OLB,Andrenidae,Andrena,,
11Aso42,0022-06-29,2,Asotin,4,OLB,Andrenidae,Andrena,,
12Aso42,0022-06-29,2,Asotin,4,OLB,Andrenidae,Andrena,,
13Aso42,0022-06-29,2,Asotin,4,OLB,Andrenidae,Andrena,,
14Aso42,0022-06-29,2,Asotin,4,OLB,Andrenidae,Andrena,,
15Aso42,0022-06-29,2,Asotin,4,OLB,Andrenidae,Andrena,,
16Aso42,0022-06-29,2,Asotin,4,OLB,Andrenidae,Andrena,,
17Aso42,0022-06-29,2,Asotin,4,OLB,Andrenidae,Andrena,,
18Aso42,0022-06-29,2,Asotin,4,OLB,Andrenidae,Andrena,missing abdomen,
19Aso42,0022-06-29,2,Asotin,4,OLB,Andrenidae,Andrena,,
20Aso42,0022-06-29,2,Asotin,4,OLB,Andrenidae,Andrena,missing head,
21Aso42,0022-06-29,2,Asotin,4,OLB,Andrenidae,Andrena,,
22Aso42,0022-06-29,2,Asotin,4,OLB,Andrenidae,Andrena,,
23Aso42,0022-06-29,2,Asotin,4,OLB,Andrenidae,Andrena,,
24Aso42,0022-06-29,2,Asotin,4,OLB,Andrenidae,Andrena,,
25Aso42,0022-06-29,2,Asotin,4,OLB,Andrenidae,Andrena,,
26Aso42,0022-06-29,2,Asotin,4,OLB,Andrenidae,Andrena,,
27Aso42,0022-06-29,2,Asotin,4,OLB,Andrenidae,Andrena,,
28Aso42,0022-06-29,2,Asotin,4,OLB,Andrenidae,Andrena,,
29Aso42,0022-06-29,2,Asotin,4,OLB,Andrenidae,Andrena,,
30Aso42,0022-06-29,2,Asotin,4,OLB,Andrenidae,Andrena,,
31Aso42,0022-06-29,2,Asotin,4,OLB,Andrenidae,Andrena,,
32Aso42,0022-06-29,2,Asotin,4,OLB,Andrenidae,Andrena,,
33Aso42,0022-06-29,2,Asotin,4,OLB,Andrenidae,Andrena,,
34Aso42,0022-06-29,2,Asotin,4,OLB,Andrenidae,Andrena,,
35Aso42,0022-06-29,2,Asotin,4,OLB,Andrenidae,Andrena,,
36Aso42,0022-06-29,2,Asotin,4,OLB,Andrenidae,Andrena,,
37Aso42,0022-06-29,2,Asotin,4,OLB,Andrenidae,Andrena,,
38Aso42,0022-06-29,2,Asotin,4,OLB,Andrenidae,Andrena,,
39Aso42,0022-06-29,2,Asotin,4,OLB,Andrenidae,Andrena,,
40Aso42,0022-06-29,2,Asotin,4,OLB,Andrenidae,Andrena,,
41Aso42,0022-06-29,2,Asotin,4,OLB,Andrenidae,Andrena,,
42Aso42,0022-06-29,2,Asotin,4,OLB,Andrenidae,Andrena,,
43Aso42,0022-06-29,2,Asotin,4,OLB,Andrenidae,Andrena,,
44Aso42,0022-06-29,2,Asotin,4,OLB,Andrenidae,Andrena,,
45Aso42,0022-06-29,2,Asotin,4,OLB,Andrenidae,Andrena,,
46Aso42,0022-06-29,2,Asotin,4,OLB,Andrenidae,Andrena,,
47Aso42,0022-06-29,2,Asotin,4,OLB,Andrenidae,Andrena,,
48Aso42,0022-06-29,2,Asotin,4,OLB,Andrenidae,Andrena,,
49Aso42,0022-06-29,2,Asotin,4,OLB,Andrenidae,Andrena,,
50Aso42,0022-06-29,2,Asotin,4,OLB,Andrenidae,Andrena,missing abdomen,
51Aso42,0022-06-29,2,Asotin,4,OLB,Andrenidae,Andrena,,
52Aso42,0022-06-29,2,Asotin,4,OLB,Andrenidae,Andrena,,
58Aso42,0022-06-29,2,Asotin,4,SB,Andrenidae,Andrena,,
59Aso42,0022-06-29,2,Asotin,4,SB,Andrenidae,Andrena,,
60Aso42,0022-06-29,2,Asotin,4,SB,Andrenidae,Andrena,,
65Aso42,0022-06-29,2,Asotin,4,SB,Andrenidae,Andrena,,
66Aso42,0022-06-29,2,Asotin,4,SB,Andrenidae,Andrena,,
67Aso42,0022-06-29,2,Asotin,4,SB,Andrenidae,Andrena,,
75Aso42,0022-06-29,2,Asotin,4,SB,Andrenidae,Andrena,,
1Ck11,0022-06-07,1,Clark1,1,OLB,Andrenidae,Andrena,,
2Ck11,0022-06-07,1,Clark1,1,OLB,Andrenidae,Andrena,,
3Ck11,0022-06-07,1,Clark1,1,OLB,Andrenidae,Andrena,,
2Ck31,0022-06-07,1,Clark1,3,OLB,Andrenidae,Andrena,,
9Ck41,0022-06-07,1,Clark1,4,OLB,Andrenidae,Andrena,,
10Ck41,0022-06-07,1,Clark1,4,OLB,Andrenidae,Andrena,,
11Ck41,0022-06-07,1,Clark1,4,OLB,Andrenidae,Andrena,,
12Ck41,0022-06-07,1,Clark1,4,OLB,Andrenidae,Andrena,,
13Ck41,0022-06-07,1,Clark1,4,OLB,Andrenidae,Andrena,,
14Ck41,0022-06-07,1,Clark1,4,OLB,Andrenidae,Andrena,,
15Ck41,0022-06-07,1,Clark1,4,OLB,Andrenidae,Andrena,,
16Ck41,0022-06-07,1,Clark1,4,OLB,Andrenidae,Andrena,,
25Ck41,0022-06-07,1,Clark1,4,OLB,Andrenidae,Andrena,,
26Ck41,0022-06-07,1,Clark1,4,OLB,Andrenidae,Andrena,,
27Ck41,0022-06-07,1,Clark1,4,OLB,Andrenidae,Andrena,,
28Ck41,0022-06-07,1,Clark1,4,OLB,Andrenidae,Andrena,,
29Ck41,0022-06-07,1,Clark1,4,OLB,Andrenidae,Andrena,,
30Ck41,0022-06-07,1,Clark1,4,OLB,Andrenidae,Andrena,,
31Ck41,0022-06-07,1,Clark1,4,OLB,Andrenidae,Andrena,,
32Ck41,0022-06-07,1,Clark1,4,OLB,Andrenidae,Andrena,,
33Ck41,0022-06-07,1,Clark1,4,OLB,Andrenidae,Andrena,,
34Ck41,0022-06-07,1,Clark1,4,OLB,Andrenidae,Andrena,,
35Ck41,0022-06-07,1,Clark1,4,OLB,Andrenidae,Andrena,,
36Ck41,0022-06-07,1,Clark1,4,OLB,Andrenidae,Andrena,,
37Ck41,0022-06-07,1,Clark1,4,OLB,Andrenidae,Andrena,,
38Ck41,0022-06-07,1,Clark1,4,OLB,Andrenidae,Andrena,missing head,
39Ck41,0022-06-07,1,Clark1,4,OLB,Andrenidae,Andrena,,
40Ck41,0022-06-07,1,Clark1,4,OLB,Andrenidae,Andrena,,
41Ck41,0022-06-07,1,Clark1,4,OLB,Andrenidae,Andrena,,
42Ck41,0022-06-07,1,Clark1,4,OLB,Andrenidae,Andrena,,
43Ck41,0022-06-07,1,Clark1,4,OLB,Andrenidae,Andrena,,
44Ck41,0022-06-07,1,Clark1,4,OLB,Andrenidae,Andrena,,
45Ck41,0022-06-07,1,Clark1,4,OLB,Andrenidae,Andrena,,
46Ck41,0022-06-07,1,Clark1,4,OLB,Andrenidae,Andrena,,
47Ck41,0022-06-07,1,Clark1,4,OLB,Andrenidae,Andrena,,
48Ck41,0022-06-07,1,Clark1,4,OLB,Andrenidae,Andrena,,
49Ck41,0022-06-07,1,Clark1,4,OLB,Andrenidae,Andrena,,
50Ck41,0022-06-07,1,Clark1,4,OLB,Andrenidae,Andrena,,
51Ck41,0022-06-07,1,Clark1,4,OLB,Andrenidae,Andrena,,
52Ck41,0022-06-07,1,Clark1,4,OLB,Andrenidae,Andrena,,
53Ck41,0022-06-07,1,Clark1,4,OLB,Andrenidae,Andrena,,
54Ck41,0022-06-07,1,Clark1,4,OLB,Andrenidae,Andrena,,
57Ck41,0022-06-07,1,Clark1,4,OLB,Andrenidae,Andrena,weird color morph?,
71Ck41,0022-06-07,1,Clark1,4,SB,Andrenidae,Andrena,,
6SH12,0022-07-08,2,Smoot ,1,OLB,Andrenidae,Andrena,,
1SH32,0022-07-08,2,Smoot ,3,OLB,Andrenidae,Andrena,,
2SH32,0022-07-08,2,Smoot ,3,OLB,Andrenidae,Andrena,,
4SH32,0022-07-08,2,Smoot ,3,OLB,Andrenidae,Andrena,,
2SH21,0022-06-21,1,Smoot ,2,OLB,Andrenidae,Andrena,,
8SH21,0022-06-21,1,Smoot ,2,SB,Andrenidae,Andrena,,
3SH31,0022-06-21,1,Smoot ,3,OLB,Andrenidae,Andrena,,
13SH31,0022-06-21,1,Smoot ,3,OLB,Andrenidae,Andrena,,
14SH31,0022-06-21,1,Smoot ,3,OLB,Andrenidae,Andrena,,
16SH31,0022-06-21,1,Smoot ,3,SB,Andrenidae,Andrena,,
19SH31,0022-06-21,1,Smoot ,3,SB,Andrenidae,Andrena,,
21SH31,0022-06-21,1,Smoot ,3,OLB,Andrenidae,Andrena,,
27SH31,0022-06-21,1,Smoot ,3,SB,Andrenidae,Andrena,,
30SH31,0022-06-21,1,Smoot ,3,SB,Andrenidae,Andrena,,
32SH31,0022-06-21,1,Smoot ,3,OLB,Andrenidae,Andrena,"Abdomen missing, recovered",
33SH31,0022-06-21,1,Smoot ,3,OLB,Andrenidae,Andrena,,
34SH31,0022-06-21,1,Smoot ,3,SB,Andrenidae,Andrena,,
35SH31,0022-06-21,1,Smoot ,3,SB,Andrenidae,Andrena,,
44SH31,0022-06-21,1,Smoot ,3,SB,Andrenidae,Andrena,,
45SH31,0022-06-21,1,Smoot ,3,SB,Andrenidae,Andrena,,
46SH31,0022-06-21,1,Smoot ,3,SB,Andrenidae,Andrena,,
4SH41,0022-06-21,1,Smoot ,4,OLB,Andrenidae,Andrena,,
13SH41,0022-06-21,1,Smoot ,4,OLB,Andrenidae,Andrena,,
14SH41,0022-06-21,1,Smoot ,4,SB,Andrenidae,Andrena,,
20SH41,0022-06-21,1,Smoot ,4,SB,Andrenidae,Andrena,,
1Hut12,0022-07-07,2,Hutchins,1,OLB,Andrenidae,Andrena,,
8Hut22,0022-07-07,2,Hutchins,2,OLB,Andrenidae,Andrena,,
10Hut32,0022-07-07,2,Hutchins,3,SB,Andrenidae,Andrena,,
13Hut42,0022-07-07,2,Hutchins,4,OLB,Andrenidae,Andrena,,
1Chpp42,0022-07-05,2,Chipman2,4,SB,Andrenidae,Andrena,,
1Plaz33,0022-08-02,3,Plaza,3,SB,Megachilidae,Anthidium,sp: manicatum,
2Kam42,0022-06-30,2,Kamiak,4,SB,Megachilidae,Anthidium,,
2Aso31,0022-06-08,1,Asotin,3,OLB,Apidae,Anthophora,,
2Kam21,0022-06-15,1,Kamiak,2,BB,Apidae,Anthophora,,
4Chpp11,0022-06-02,1,Chipman2,1,HB,Apidae,Apis,"Apis mellifera, some pollen on leg",
4Kam11,0022-06-15,1,Kamiak,1,HB,Apidae,Apis,,
13Aso43,0022-07-21,3,Asotin,4,HB,Apidae,Apis,mellifera,
1Chp12,0022-07-05,2,Chipman1,1,HB,Apidae,Apis,mellifera,
1Chp32,0022-07-05,2,Chipman1,3,HB,Apidae,Apis,mellifera,
2Chp32,0022-07-05,2,Chipman1,3,HB,Apidae,Apis,mellifera,
3Chp32,0022-07-05,2,Chipman1,3,HB,Apidae,Apis,mellifera,
4Chp32,0022-07-05,2,Chipman1,3,HB,Apidae,Apis,mellifera,
2Chp42,0022-07-05,2,Chipman1,4,HB,Apidae,Apis,mellifera,
3Chp42,0022-07-05,2,Chipman1,4,HB,Apidae,Apis,mellifera,
1Aso12,0022-06-29,2,Asotin,1,HB,Apidae,Apis,mellifera,
1Kam13,0022-07-19,3,Kamiak,1,BB,Apidae,Bombus,,
1SH33,0022-07-27,3,Smoot,3,BB,Apidae,Bombus,,
1SH43,0022-07-27,3,Smoot,3,BB,Apidae,Bombus,,
2SH43,0022-07-27,3,Smoot,3,BB,Apidae,Bombus,,
1Chpp43,0022-07-25,3,Chipman2,4,BB,Apidae,Bombus,,
1Ck13,0022-07-26,3,Clark1,1,BB,Apidae,Bombus,,
15Chp33,0022-07-25,3,Chipman1,3,BB,Apidae,Bombus,,
16Chp33,0022-07-25,3,Chipman1,3,BB,Apidae,Bombus,,
1Span33,0022-08-02,3,Spangle,3,BB,Apidae,Bombus,,
1Aso33,0022-07-21,3,Asotin,3,BB,Apidae,Bombus,,
2Aso33,0022-07-21,3,Asotin,3,BB,Apidae,Bombus,,
1Aso43,0022-07-21,3,Asotin,4,BB,Apidae,Bombus,,
2Aso43,0022-07-21,3,Asotin,4,BB,Apidae,Bombus,,
4Chp42,0022-07-05,2,Chipman1,4,BB,Apidae,Bombus,,
1Aso22,0022-06-29,2,Asotin,2,BB,Apidae,Bombus,,
1Chpp41,0022-06-02,1,Chipman2,4,SB,Apidae,Ceratina,Male,
2Chpp41,0022-06-02,1,Chipman2,4,SB,Apidae,Ceratina,Male,
3Chpp41,0022-06-02,1,Chipman2,4,SB,Apidae,Ceratina,Male,
5Chpp41,0022-06-02,1,Chipman2,4,SB,Apidae,Ceratina,Female,
6Chpp41,0022-06-02,1,Chipman2,4,SB,Apidae,Ceratina,Male,
7Chpp41,0022-06-02,1,Chipman2,4,SB,Apidae,Ceratina,Female,
8Chpp41,0022-06-02,1,Chipman2,4,SB,Apidae,Ceratina,Male,
10Chpp41,0022-06-02,1,Chipman2,4,SB,Apidae,Ceratina,Male,
12Chpp41,0022-06-02,1,Chipman2,4,SB,Apidae,Ceratina,Male,
14Chpp41,0022-06-02,1,Chipman2,4,SB,Apidae,Ceratina,Male,
15Chpp41,0022-06-02,1,Chipman2,4,SB,Apidae,Ceratina,Male,
22Chpp41,0022-06-02,1,Chipman2,4,SB,Apidae,Ceratina,Male,
23Chpp41,0022-06-02,1,Chipman2,4,SB,Apidae,Ceratina,Male. Abdomen missing,
24Chpp41,0022-06-02,1,Chipman2,4,SB,Apidae,Ceratina,Male,
26Chpp41,0022-06-02,1,Chipman2,4,SB,Apidae,Ceratina,Male,
1Chpp31,0022-06-02,1,Chipman2,3,SB,Apidae,Ceratina,Male,
2Chpp31,0022-06-02,1,Chipman2,3,SB,Apidae,Ceratina,Male,
3Chpp31,0022-06-02,1,Chipman2,3,SB,Apidae,Ceratina,Male,
4Chpp31,0022-06-02,1,Chipman2,3,SB,Apidae,Ceratina,Male,
5Chpp31,0022-06-02,1,Chipman2,3,SB,Apidae,Ceratina,Male,
6Chpp31,0022-06-02,1,Chipman2,3,SB,Apidae,Ceratina,Male,
7Chpp31,0022-06-02,1,Chipman2,3,SB,Apidae,Ceratina,Male, 
8Chpp31,0022-06-02,1,Chipman2,3,SB,Apidae,Ceratina,Male,
10Chpp31,0022-06-02,1,Chipman2,3,SB,Apidae,Ceratina,Male,
11Chpp31,0022-06-02,1,Chipman2,3,SB,Apidae,Ceratina,Male,
12Chpp31,0022-06-02,1,Chipman2,3,SB,Apidae,Ceratina,Male,
13Chpp31,0022-06-02,1,Chipman2,3,SB,Apidae,Ceratina,Female,
14Chpp31,0022-06-02,1,Chipman2,3,SB,Apidae,Ceratina,Male,
15Chpp31,0022-06-02,1,Chipman2,3,SB,Apidae,Ceratina,Male,
16Chpp31,0022-06-02,1,Chipman2,3,SB,Apidae,Ceratina,Male,
17Chpp31,0022-06-02,1,Chipman2,3,SB,Apidae,Ceratina,Male,
18Chpp31,0022-06-02,1,Chipman2,3,SB,Apidae,Ceratina,Male,
19Chpp31,0022-06-02,1,Chipman2,3,SB,Apidae,Ceratina,Male,
20Chpp31,0022-06-02,1,Chipman2,3,SB,Apidae,Ceratina,Male,
21Chpp31,0022-06-02,1,Chipman2,3,SB,Apidae,Ceratina,Male,
22Chpp31,0022-06-02,1,Chipman2,3,SB,Apidae,Ceratina,Male,
23Chpp31,0022-06-02,1,Chipman2,3,SB,Apidae,Ceratina,Male,
24Chpp31,0022-06-02,1,Chipman2,3,SB,Apidae,Ceratina,Female,
25Chpp31,0022-06-02,1,Chipman2,3,SB,Apidae,Ceratina,Male,
26Chpp31,0022-06-02,1,Chipman2,3,SB,Apidae,Ceratina,Female,
2Aso11,0022-06-08,1,Asotin,1,SB,Apidae,Ceratina,Male,
3Aso11,0022-06-08,1,Asotin,1,SB,Apidae,Ceratina,Male,
4Aso11,0022-06-08,1,Asotin,1,SB,Apidae,Ceratina,Male,
1Aso21,0022-06-08,1,Asotin,2,SB,Apidae,Ceratina,Male,
8Aso31,0022-06-08,1,Asotin,3,SB,Apidae,Ceratina,Female,
9Aso31,0022-06-08,1,Asotin,3,SB,Apidae,Ceratina,Male,
10Aso31,0022-06-08,1,Asotin,3,SB,Apidae,Ceratina,Male,
17Aso41,0022-06-08,1,Asotin,4,SB,Apidae,Ceratina,Male,
1Hut21,0022-06-22,1,Hutchins,2,SB,Apidae,Ceratina,Male,
4Ckk22,0022-06-27,2,Clark2,2,SB,Apidae,Ceratina,,
1Ckk32,0022-06-27,2,Clark2,3,SB,Apidae,Ceratina,,
9Ckk32,0022-06-27,2,Clark2,3,SB,Apidae,Ceratina,,
1Ckk42,0022-06-27,2,Clark2,3,SB,Apidae,Ceratina,,
2Ckk42,0022-06-27,2,Clark2,3,SB,Apidae,Ceratina,,
3Kam33,0022-07-19,3,Kamiak,3,SB,Apidae,Ceratina,,
13Kam11,0022-06-15,1,Kamiak,1,SB,Apidae,Ceratina,Male,
2Ckk11,0022-06-07,1,Clark2,1,SB,Apidae,Ceratina,Male,
1Ckk31,0022-06-07,1,Clark2,3,SB,Apidae,Ceratina,Male,
3Ckk41,0022-06-07,1,Clark2,4,SB,Apidae,Ceratina,Male,
4Ckk41,0022-06-07,1,Clark2,4,SB,Apidae,Ceratina,Male. Abdomen missing. Head missing/recovered.,
5Ckk41,0022-06-07,1,Clark2,4,SB,Apidae,Ceratina,Male,
6Ckk41,0022-06-07,1,Clark2,4,SB,Apidae,Ceratina,Male,
1SH23,0022-07-27,3,Smoot,2,SB,Apidae,Ceratina,,
1Chp23,0022-07-25,3,Chipman1,2,SB,Apidae,Ceratina,,
2Chp23,0022-07-25,3,Chipman1,2,SB,Apidae,Ceratina,,
3Chp23,0022-07-25,3,Chipman1,2,SB,Apidae,Ceratina,,
4Chp23,0022-07-25,3,Chipman1,2,SB,Apidae,Ceratina,,
1Chp33,0022-07-25,3,Chipman1,3,SB,Apidae,Ceratina,,
2Chp33,0022-07-25,3,Chipman1,3,SB,Apidae,Ceratina,,
3Chp33,0022-07-25,3,Chipman1,3,SB,Apidae,Ceratina,,
4Chp33,0022-07-25,3,Chipman1,3,SB,Apidae,Ceratina,,
5Chp33,0022-07-25,3,Chipman1,3,SB,Apidae,Ceratina,,
6Chp33,0022-07-25,3,Chipman1,3,SB,Apidae,Ceratina,,
7Chp33,0022-07-25,3,Chipman1,3,SB,Apidae,Ceratina,,
8Chp33,0022-07-25,3,Chipman1,3,SB,Apidae,Ceratina,,
9Chp33,0022-07-25,3,Chipman1,3,SB,Apidae,Ceratina,,
10Chp33,0022-07-25,3,Chipman1,3,SB,Apidae,Ceratina,,
11Chp33,0022-07-25,3,Chipman1,3,SB,Apidae,Ceratina,,
12Chp33,0022-07-25,3,Chipman1,3,SB,Apidae,Ceratina,,
13Chp33,0022-07-25,3,Chipman1,3,SB,Apidae,Ceratina,,
14Chp33,0022-07-25,3,Chipman1,3,SB,Apidae,Ceratina,,
17Chp33,0022-07-25,3,Chipman1,3,SB,Apidae,Ceratina,,
18Chp33,0022-07-25,3,Chipman1,3,SB,Apidae,Ceratina,,
19Chp33,0022-07-25,3,Chipman1,3,SB,Apidae,Ceratina,,
20Chp33,0022-07-25,3,Chipman1,3,SB,Apidae,Ceratina,,
21Chp33,0022-07-25,3,Chipman1,3,SB,Apidae,Ceratina,,
22Chp33,0022-07-25,3,Chipman1,3,SB,Apidae,Ceratina,,
23Chp33,0022-07-25,3,Chipman1,3,SB,Apidae,Ceratina,,
24Chp33,0022-07-25,3,Chipman1,3,SB,Apidae,Ceratina,,
25Chp33,0022-07-25,3,Chipman1,3,SB,Apidae,Ceratina,,
26Chp33,0022-07-25,3,Chipman1,3,SB,Apidae,Ceratina,,
27Chp33,0022-07-25,3,Chipman1,3,SB,Apidae,Ceratina,,
28Chp33,0022-07-25,3,Chipman1,3,SB,Apidae,Ceratina,,
29Chp33,0022-07-25,3,Chipman1,3,SB,Apidae,Ceratina,,
33Chp33,0022-07-25,3,Chipman1,3,SB,Apidae,Ceratina,,
34Chp33,0022-07-25,3,Chipman1,3,SB,Apidae,Ceratina,,
35Chp33,0022-07-25,3,Chipman1,3,SB,Apidae,Ceratina,,
37Chp33,0022-07-25,3,Chipman1,3,SB,Apidae,Ceratina,,
38Chp33,0022-07-25,3,Chipman1,3,SB,Apidae,Ceratina,,
39Chp33,0022-07-25,3,Chipman1,3,SB,Apidae,Ceratina,,
40Chp33,0022-07-25,3,Chipman1,3,SB,Apidae,Ceratina,,
1Chp34,0022-07-25,3,Chipman1,4,SB,Apidae,Ceratina,,
2Chp34,0022-07-25,3,Chipman1,4,SB,Apidae,Ceratina,,
3Chp34,0022-07-25,3,Chipman1,4,SB,Apidae,Ceratina,,
4Ckk13,0022-07-26,3,Clark2,1,SB,Apidae,Ceratina,,
3Chp12,0022-07-05,2,Chipman1,1,SB,Apidae,Ceratina,,
4Chp12,0022-07-05,2,Chipman1,1,SB,Apidae,Ceratina,,
7Chp12,0022-07-05,2,Chipman1,1,SB,Apidae,Ceratina,,
5Chp32,0022-07-05,2,Chipman1,3,SB,Apidae,Ceratina,,
6Chp32,0022-07-05,2,Chipman1,3,SB,Apidae,Ceratina,,
7Chp32,0022-07-05,2,Chipman1,3,SB,Apidae,Ceratina,,
8Chp32,0022-07-05,2,Chipman1,3,SB,Apidae,Ceratina,,
9Chp32,0022-07-05,2,Chipman1,3,SB,Apidae,Ceratina,,
10Chp32,0022-07-05,2,Chipman1,3,SB,Apidae,Ceratina,,
5Chp42,0022-07-05,2,Chipman1,4,SB,Apidae,Ceratina,,
6Chp42,0022-07-05,2,Chipman1,4,SB,Apidae,Ceratina,,
7Chp42,0022-07-05,2,Chipman1,4,SB,Apidae,Ceratina,,
8Chp42,0022-07-05,2,Chipman1,4,SB,Apidae,Ceratina,,
9Chp42,0022-07-05,2,Chipman1,4,SB,Apidae,Ceratina,,
10Chp42,0022-07-05,2,Chipman1,4,SB,Apidae,Ceratina,,
6Kam32,0022-06-30,2,Kamiak,3,SB,Apidae,Ceratina,,
5Kam42,0022-06-30,2,Kamiak,4,SB,Apidae,Ceratina,,
4Aso32,0022-06-29,2,Asotin,3,SB,Apidae,Ceratina,,
5Ck11,0022-06-07,1,Clark1,1,SB,Apidae,Ceratina,,
6Ck11,0022-06-07,1,Clark1,1,SB,Apidae,Ceratina,,
7Ck11,0022-06-07,1,Clark1,1,SB,Apidae,Ceratina,,
8Ck11,0022-06-07,1,Clark1,1,SB,Apidae,Ceratina,,
9Ck11,0022-06-07,1,Clark1,1,SB,Apidae,Ceratina,,
10Ck11,0022-06-07,1,Clark1,1,SB,Apidae,Ceratina,,
11Ck11,0022-06-07,1,Clark1,1,SB,Apidae,Ceratina,,
12Ck11,0022-06-07,1,Clark1,1,SB,Apidae,Ceratina,,
13Ck11,0022-06-07,1,Clark1,1,SB,Apidae,Ceratina,,
14Ck11,0022-06-07,1,Clark1,1,SB,Apidae,Ceratina,,
15Ck11,0022-06-07,1,Clark1,1,SB,Apidae,Ceratina,,
16Ck11,0022-06-07,1,Clark1,1,SB,Apidae,Ceratina,,
17Ck11,0022-06-07,1,Clark1,1,SB,Apidae,Ceratina,,
18Ck11,0022-06-07,1,Clark1,1,SB,Apidae,Ceratina,abdomen missing,
1Ck21,0022-06-07,1,Clark1,2,SB,Apidae,Ceratina,,
2Ck21,0022-06-07,1,Clark1,2,SB,Apidae,Ceratina,,
3Ck21,0022-06-07,1,Clark1,2,SB,Apidae,Ceratina,,
1Ck31,0022-06-07,1,Clark1,3,SB,Apidae,Ceratina,,
58Ck41,0022-06-07,1,Clark1,4,SB,Apidae,Ceratina,,
59Ck41,0022-06-07,1,Clark1,4,SB,Apidae,Ceratina,,
60Ck41,0022-06-07,1,Clark1,4,SB,Apidae,Ceratina,,
61Ck41,0022-06-07,1,Clark1,4,SB,Apidae,Ceratina,,
62Ck41,0022-06-07,1,Clark1,4,SB,Apidae,Ceratina,,
3SH21,0022-06-21,1,Smoot ,2,SB,Apidae,Ceratina,,
4SH21,0022-06-21,1,Smoot ,2,SB,Apidae,Ceratina,,
5SH21,0022-06-21,1,Smoot ,2,SB,Apidae,Ceratina,,
7SH31,0022-06-21,1,Smoot ,3,SB,Apidae,Ceratina,,
8SH31,0022-06-21,1,Smoot ,3,SB,Apidae,Ceratina,,
9SH31,0022-06-21,1,Smoot ,3,SB,Apidae,Ceratina,,
10SH31,0022-06-21,1,Smoot ,3,SB,Apidae,Ceratina,,
11SH31,0022-06-21,1,Smoot ,3,SB,Apidae,Ceratina,,
12SH31,0022-06-21,1,Smoot ,3,SB,Apidae,Ceratina,,
20SH31,0022-06-21,1,Smoot ,3,SB,Apidae,Ceratina,,
3SH41,0022-06-21,1,Smoot ,4,SB,Apidae,Ceratina,,
7SH41,0022-06-21,1,Smoot ,4,SB,Apidae,Ceratina,abdomen missing,
9SH41,0022-06-21,1,Smoot ,4,SB,Apidae,Ceratina,,
18SH41,0022-06-21,1,Smoot ,4,SB,Apidae,Ceratina,"head missing, recovered",
19SH41,0022-06-21,1,Smoot ,4,SB,Apidae,Ceratina,,
27SH41,0022-06-21,1,Smoot ,4,SB,Apidae,Ceratina,missing head and abdomen,
1Chpp12,0022-07-05,2,Chipman2,1,SB,Apidae,Ceratina,F,
2Chpp32,0022-07-05,2,Chipman2,3,SB,Apidae,Ceratina,M,
3Chpp32,0022-07-05,2,Chipman2,3,SB,Apidae,Ceratina,M,
4Chpp32,0022-07-05,2,Chipman2,3,SB,Apidae,Ceratina,M,
5Chpp32,0022-07-05,2,Chipman2,3,SB,Apidae,Ceratina,M,
2Chpp42,0022-07-05,2,Chipman2,4,SB,Apidae,Ceratina,F,
3Chpp42,0022-07-05,2,Chipman2,4,SB,Apidae,Ceratina,F,
4Chpp42,0022-07-05,2,Chipman2,4,SB,Apidae,Ceratina,F,
5Chpp42,0022-07-05,2,Chipman2,4,SB,Apidae,Ceratina,F,
34Chpp41,0022-06-02,1,Chipman2,4,SB,Apidae,Ceratina ,Female,
30Chpp31,0022-06-02,1,Chipman2,3,SB,Apidae,Ceratina ,Female,
32Chpp31,0022-06-02,1,Chipman2,3,SB,Apidae,Ceratina ,Missing head,
34Chpp31,0022-06-02,1,Chipman2,3,SB,Apidae,Ceratina ,Missing head,
1Chpp11,0022-06-02,1,Chipman2,1,SB,Apidae,Ceratina ,Male,
2Chpp11,0022-06-02,1,Chipman2,1,SB,Apidae,Ceratina ,Female,
5Chpp11,0022-06-02,1,Chipman2,1,SB,Apidae,Ceratina ,Male,
6Chpp11,0022-06-02,1,Chipman2,1,SB,Apidae,Ceratina ,Female,
7Chpp11,0022-06-02,1,Chipman2,1,SB,Apidae,Ceratina ,Female,
8Chpp11,0022-06-02,1,Chipman2,1,SB,Apidae,Ceratina ,Male,
10Chpp11,0022-06-02,1,Chipman2,1,SB,Apidae,Ceratina ,Male,
1Chpp21,0022-06-02,1,Chipman2,2,SB,Apidae,Ceratina ,Male,
2Chpp21,0022-06-02,1,Chipman2,2,SB,Apidae,Ceratina ,Male,
3Chpp21,0022-06-02,1,Chipman2,2,SB,Apidae,Ceratina ,Male,
4Chpp21,0022-06-02,1,Chipman2,2,SB,Apidae,Ceratina ,Male,
5Chpp21,0022-06-02,1,Chipman2,2,SB,Apidae,Ceratina ,Male,
6Chpp21,0022-06-02,1,Chipman2,2,SB,Apidae,Ceratina ,Male,
7Chpp21,0022-06-02,1,Chipman2,2,SB,Apidae,Ceratina ,Male,
8Chpp21,0022-06-02,1,Chipman2,2,SB,Apidae,Ceratina ,Male,
9Chpp21,0022-06-02,1,Chipman2,2,SB,Apidae,Ceratina ,Male,
10Chpp21,0022-06-02,1,Chipman2,2,SB,Apidae,Ceratina ,Male,
11Chpp21,0022-06-02,1,Chipman2,2,SB,Apidae,Ceratina ,Male,
12Chpp21,0022-06-02,1,Chipman2,2,SB,Apidae,Ceratina ,Male,
13Chpp21,0022-06-02,1,Chipman2,2,SB,Apidae,Ceratina ,Male,
14Chpp21,0022-06-02,1,Chipman2,2,SB,Apidae,Ceratina ,Male,
15Chpp21,0022-06-02,1,Chipman2,2,SB,Apidae,Ceratina ,Male,
16Chpp21,0022-06-02,1,Chipman2,2,SB,Apidae,Ceratina ,Male,
17Chpp21,0022-06-02,1,Chipman2,2,SB,Apidae,Ceratina ,Female,
18Chpp21,0022-06-02,1,Chipman2,2,SB,Apidae,Ceratina ,Female,
19Chpp21,0022-06-02,1,Chipman2,2,SB,Apidae,Ceratina ,Female,
20Chpp21,0022-06-02,1,Chipman2,2,SB,Apidae,Ceratina ,Female,
21Chpp21,0022-06-02,1,Chipman2,2,SB,Apidae,Ceratina ,Female,
22Chpp21,0022-06-02,1,Chipman2,2,SB,Apidae,Ceratina ,Female,
23Chpp21,0022-06-02,1,Chipman2,2,SB,Apidae,Ceratina ,Female,
24Chpp21,0022-06-02,1,Chipman2,2,SB,Apidae,Ceratina ,Female,
25Chpp21,0022-06-02,1,Chipman2,2,SB,Apidae,Ceratina ,Male,
26Chpp21,0022-06-02,1,Chipman2,2,SB,Apidae,Ceratina ,Male,
27Chpp21,0022-06-02,1,Chipman2,2,SB,Apidae,Ceratina ,Male,
28Chpp21,0022-06-02,1,Chipman2,2,SB,Apidae,Ceratina ,Male,
29Chpp21,0022-06-02,1,Chipman2,2,SB,Apidae,Ceratina ,Male,
30Chpp21,0022-06-02,1,Chipman2,2,SB,Apidae,Ceratina ,Male,
31Chpp21,0022-06-02,1,Chipman2,2,SB,Apidae,Ceratina ,Male,
32Chpp21,0022-06-02,1,Chipman2,2,SB,Apidae,Ceratina ,Male,
33Chpp21,0022-06-02,1,Chipman2,2,SB,Apidae,Ceratina ,Male,
34Chpp21,0022-06-02,1,Chipman2,2,SB,Apidae,Ceratina ,Male,
35Chpp21,0022-06-02,1,Chipman2,2,SB,Apidae,Ceratina ,Male,
36Chpp21,0022-06-02,1,Chipman2,2,SB,Apidae,Ceratina ,Male,
37Chpp21,0022-06-02,1,Chipman2,2,SB,Apidae,Ceratina ,Male,
38Chpp21,0022-06-02,1,Chipman2,2,SB,Apidae,Ceratina ,Male,
39Chpp21,0022-06-02,1,Chipman2,2,SB,Apidae,Ceratina ,Male,
40Chpp21,0022-06-02,1,Chipman2,2,SB,Apidae,Ceratina ,Male,
41Chpp21,0022-06-02,1,Chipman2,2,SB,Apidae,Ceratina ,Male,
43Chpp21,0022-06-02,1,Chipman2,2,SB,Apidae,Ceratina ,Female,
44Chpp21,0022-06-02,1,Chipman2,2,SB,Apidae,Ceratina ,Female,
45Chpp21,0022-06-02,1,Chipman2,2,SB,Apidae,Ceratina ,Female,
46Chpp21,0022-06-02,1,Chipman2,2,SB,Apidae,Ceratina ,Female,
47Chpp21,0022-06-02,1,Chipman2,2,SB,Apidae,Ceratina ,Female,
48Chpp21,0022-06-02,1,Chipman2,2,SB,Apidae,Ceratina ,Female,
49Chpp21,0022-06-02,1,Chipman2,2,SB,Apidae,Ceratina ,Female,
50Chpp21,0022-06-02,1,Chipman2,2,SB,Apidae,Ceratina ,Female,
51Chpp21,0022-06-02,1,Chipman2,2,SB,Apidae,Ceratina ,Female,
52Chpp21,0022-06-02,1,Chipman2,2,SB,Apidae,Ceratina ,Female,
53Chpp21,0022-06-02,1,Chipman2,2,SB,Apidae,Ceratina ,Female,
54Chpp21,0022-06-02,1,Chipman2,2,SB,Apidae,Ceratina ,Female,
55Chpp21,0022-06-02,1,Chipman2,2,SB,Apidae,Ceratina ,Female,
56Chpp21,0022-06-02,1,Chipman2,2,SB,Apidae,Ceratina ,Female,
59Chpp21,0022-06-02,1,Chipman2,2,SB,Apidae,Ceratina ,Female,
60Chpp21,0022-06-02,1,Chipman2,2,SB,Apidae,Ceratina ,Female,
61Chpp21,0022-06-02,1,Chipman2,2,SB,Apidae,Ceratina ,Female,
62Chpp21,0022-06-02,1,Chipman2,2,SB,Apidae,Ceratina ,Female,
63Chpp21,0022-06-02,1,Chipman2,2,SB,Apidae,Ceratina ,Female,
64Chpp21,0022-06-02,1,Chipman2,2,SB,Apidae,Ceratina ,Female,
65Chpp21,0022-06-02,1,Chipman2,2,SB,Apidae,Ceratina ,Female,
66Chpp21,0022-06-02,1,Chipman2,2,SB,Apidae,Ceratina ,Female,
67Chpp21,0022-06-02,1,Chipman2,2,SB,Apidae,Ceratina ,Female,
68Chpp21,0022-06-02,1,Chipman2,2,SB,Apidae,Ceratina ,Female,
69Chpp21,0022-06-02,1,Chipman2,2,SB,Apidae,Ceratina ,Female,
70Chpp21,0022-06-02,1,Chipman2,2,SB,Apidae,Ceratina ,Female,
71Chpp21,0022-06-02,1,Chipman2,2,SB,Apidae,Ceratina ,Female,
72Chpp21,0022-06-02,1,Chipman2,2,SB,Apidae,Ceratina ,Female,
73Chpp21,0022-06-02,1,Chipman2,2,SB,Apidae,Ceratina ,Male,
74Chpp21,0022-06-02,1,Chipman2,2,SB,Apidae,Ceratina ,Male,
75Chpp21,0022-06-02,1,Chipman2,2,SB,Apidae,Ceratina ,Male,
76Chpp21,0022-06-02,1,Chipman2,2,SB,Apidae,Ceratina ,Male,
77Chpp21,0022-06-02,1,Chipman2,2,SB,Apidae,Ceratina ,Male,
78Chpp21,0022-06-02,1,Chipman2,2,SB,Apidae,Ceratina ,Male,
79Chpp21,0022-06-02,1,Chipman2,2,SB,Apidae,Ceratina ,Male,
80Chpp21,0022-06-02,1,Chipman2,2,SB,Apidae,Ceratina ,Male,
81Chpp21,0022-06-02,1,Chipman2,2,SB,Apidae,Ceratina ,Male,
82Chpp21,0022-06-02,1,Chipman2,2,SB,Apidae,Ceratina ,Male,
83Chpp21,0022-06-02,1,Chipman2,2,SB,Apidae,Ceratina ,Male,
84Chpp21,0022-06-02,1,Chipman2,2,SB,Apidae,Ceratina ,Male,
85Chpp21,0022-06-02,1,Chipman2,2,SB,Apidae,Ceratina ,Male,
86Chpp21,0022-06-02,1,Chipman2,2,SB,Apidae,Ceratina ,Male,
87Chpp21,0022-06-02,1,Chipman2,2,SB,Apidae,Ceratina ,Male,
88Chpp21,0022-06-02,1,Chipman2,2,SB,Apidae,Ceratina ,Male,
89Chpp21,0022-06-02,1,Chipman2,2,SB,Apidae,Ceratina ,Male,
90Chpp21,0022-06-02,1,Chipman2,2,SB,Apidae,Ceratina ,Male,
91Chpp21,0022-06-02,1,Chipman2,2,SB,Apidae,Ceratina ,Male,
92Chpp21,0022-06-02,1,Chipman2,2,SB,Apidae,Ceratina ,Male,
93Chpp21,0022-06-02,1,Chipman2,2,SB,Apidae,Ceratina ,Male,
94Chpp21,0022-06-02,1,Chipman2,2,SB,Apidae,Ceratina ,Male,
95Chpp21,0022-06-02,1,Chipman2,2,SB,Apidae,Ceratina ,Male,
96Chpp21,0022-06-02,1,Chipman2,2,SB,Apidae,Ceratina ,Male,
97Chpp21,0022-06-02,1,Chipman2,2,SB,Apidae,Ceratina ,Male,
98Chpp21,0022-06-02,1,Chipman2,2,SB,Apidae,Ceratina ,Male,
99Chpp21,0022-06-02,1,Chipman2,2,SB,Apidae,Ceratina ,Male,
100Chpp21,0022-06-02,1,Chipman2,2,SB,Apidae,Ceratina ,Male,
101Chpp21,0022-06-02,1,Chipman2,2,SB,Apidae,Ceratina ,"Abdomen missing, recovered",
102Chpp21,0022-06-02,1,Chipman2,2,SB,Apidae,Ceratina ,Head missing,
103Chpp21,0022-06-02,1,Chipman2,2,SB,Apidae,Ceratina ,"Head missing, recovered",
104Chpp21,0022-06-02,1,Chipman2,2,SB,Apidae,Ceratina ,"Head missing, recovered",
105Chpp21,0022-06-02,1,Chipman2,2,SB,Apidae,Ceratina ,"Head missing, recovered",
106Chpp21,0022-06-02,1,Chipman2,2,SB,Apidae,Ceratina ,"Head missing, recovered",
1Chp11,0022-06-02,1,Chipman1,1,SB,Apidae,Ceratina ,Male,
2Chp11,0022-06-02,1,Chipman1,1,SB,Apidae,Ceratina ,Male,
3Chp11,0022-06-02,1,Chipman1,1,SB,Apidae,Ceratina ,Male,
4Chp11,0022-06-02,1,Chipman1,1,SB,Apidae,Ceratina ,Male,
5Chp11,0022-06-02,1,Chipman1,1,SB,Apidae,Ceratina ,Male,
6Chp11,0022-06-02,1,Chipman1,1,SB,Apidae,Ceratina ,Male,
7Chp11,0022-06-02,1,Chipman1,1,SB,Apidae,Ceratina ,Male,
8Chp11,0022-06-02,1,Chipman1,1,SB,Apidae,Ceratina ,Male,
9Chp11,0022-06-02,1,Chipman1,1,SB,Apidae,Ceratina ,Male,
10Chp11,0022-06-02,1,Chipman1,1,SB,Apidae,Ceratina ,Male,
11Chp11,0022-06-02,1,Chipman1,1,SB,Apidae,Ceratina ,Male,
12Chp11,0022-06-02,1,Chipman1,1,SB,Apidae,Ceratina ,Male,
13Chp11,0022-06-02,1,Chipman1,1,SB,Apidae,Ceratina ,Male,
14Chp11,0022-06-02,1,Chipman1,1,SB,Apidae,Ceratina ,Male,
15Chp11,0022-06-02,1,Chipman1,1,SB,Apidae,Ceratina ,Male,
16Chp11,0022-06-02,1,Chipman1,1,SB,Apidae,Ceratina ,Male,
17Chp11,0022-06-02,1,Chipman1,1,SB,Apidae,Ceratina ,Male,
18Chp11,0022-06-02,1,Chipman1,1,SB,Apidae,Ceratina ,Male,
19Chp11,0022-06-02,1,Chipman1,1,SB,Apidae,Ceratina ,Male,
20Chp11,0022-06-02,1,Chipman1,1,SB,Apidae,Ceratina ,Male,
21Chp11,0022-06-02,1,Chipman1,1,SB,Apidae,Ceratina ,Male,
22Chp11,0022-06-02,1,Chipman1,1,SB,Apidae,Ceratina ,Male,
23Chp11,0022-06-02,1,Chipman1,1,SB,Apidae,Ceratina ,Male,
24Chp11,0022-06-02,1,Chipman1,1,SB,Apidae,Ceratina ,Male,
25Chp11,0022-06-02,1,Chipman1,1,SB,Apidae,Ceratina ,Male,
26Chp11,0022-06-02,1,Chipman1,1,SB,Apidae,Ceratina ,Male,
27Chp11,0022-06-02,1,Chipman1,1,SB,Apidae,Ceratina ,Male,
28Chp11,0022-06-02,1,Chipman1,1,SB,Apidae,Ceratina ,Male,
29Chp11,0022-06-02,1,Chipman1,1,SB,Apidae,Ceratina ,Male,
30Chp11,0022-06-02,1,Chipman1,1,SB,Apidae,Ceratina ,Male,
31Chp11,0022-06-02,1,Chipman1,1,SB,Apidae,Ceratina ,Female,
32Chp11,0022-06-02,1,Chipman1,1,SB,Apidae,Ceratina ,"Male, abdomen missing",
33Chp11,0022-06-02,1,Chipman1,1,SB,Apidae,Ceratina ,"Male, abdomen missing",
1Chp21,0022-06-02,1,Chipman1,2,SB,Apidae,Ceratina ,Male,
4Chp21,0022-06-02,1,Chipman1,2,SB,Apidae,Ceratina ,Male,
5Chp21,0022-06-02,1,Chipman1,2,SB,Apidae,Ceratina ,Missing head,
7Chp21,0022-06-02,1,Chipman1,2,SB,Apidae,Ceratina ,Male,
8Chp21,0022-06-02,1,Chipman1,2,SB,Apidae,Ceratina ,Male,
9Chp21,0022-06-02,1,Chipman1,2,SB,Apidae,Ceratina ,Male,
10Chp21,0022-06-02,1,Chipman1,2,SB,Apidae,Ceratina ,Male,
11Chp21,0022-06-02,1,Chipman1,2,SB,Apidae,Ceratina ,Male,
12Chp21,0022-06-02,1,Chipman1,2,SB,Apidae,Ceratina ,"Male, abdomen missing/recovered",
13Chp21,0022-06-02,1,Chipman1,2,SB,Apidae,Ceratina ,Male,
14Chp21,0022-06-02,1,Chipman1,2,SB,Apidae,Ceratina ,Head missing/recovered,
15Chp21,0022-06-02,1,Chipman1,2,SB,Apidae,Ceratina ,Male,
16Chp21,0022-06-02,1,Chipman1,2,SB,Apidae,Ceratina ,Male,
1Chp31,0022-06-02,1,Chipman1,3,SB,Apidae,Ceratina ,Male,
2Chp31,0022-06-02,1,Chipman1,3,SB,Apidae,Ceratina ,Female,
3Chp31,0022-06-02,1,Chipman1,3,SB,Apidae,Ceratina ,Male,
4Chp31,0022-06-02,1,Chipman1,3,SB,Apidae,Ceratina ,Male,
5Chp31,0022-06-02,1,Chipman1,3,SB,Apidae,Ceratina ,Male,
9Chp31,0022-06-02,1,Chipman1,3,SB,Apidae,Ceratina ,Male,
10Chp31,0022-06-02,1,Chipman1,3,SB,Apidae,Ceratina ,Male,
12Chp31,0022-06-02,1,Chipman1,3,SB,Apidae,Ceratina ,Male,
13Chp31,0022-06-02,1,Chipman1,3,SB,Apidae,Ceratina ,Male,
14Chp31,0022-06-02,1,Chipman1,3,SB,Apidae,Ceratina ,Male,
15Chp31,0022-06-02,1,Chipman1,3,SB,Apidae,Ceratina ,Male,
16Chp31,0022-06-02,1,Chipman1,3,SB,Apidae,Ceratina ,Male,
17Chp31,0022-06-02,1,Chipman1,3,SB,Apidae,Ceratina ,Male,
18Chp31,0022-06-02,1,Chipman1,3,SB,Apidae,Ceratina ,Male,
19Chp31,0022-06-02,1,Chipman1,3,SB,Apidae,Ceratina ,Male,
20Chp31,0022-06-02,1,Chipman1,3,SB,Apidae,Ceratina ,Male,
21Chp31,0022-06-02,1,Chipman1,3,SB,Apidae,Ceratina ,Male,
5Chp41,0022-06-02,1,Chipman1,4,SB,Apidae,Ceratina ,Male,
8Chp41,0022-06-02,1,Chipman1,4,SB,Apidae,Ceratina ,Male,
9Chp41,0022-06-02,1,Chipman1,4,SB,Apidae,Ceratina ,Male,
2Ck12,0022-06-28,2,Clark1,1,SB,Apidae,Ceratina ,Female,
3Ck12,0022-06-28,2,Clark1,1,SB,Apidae,Ceratina ,Female,
4Ck12,0022-06-28,2,Clark1,1,SB,Apidae,Ceratina ,Male,
5Ck12,0022-06-28,2,Clark1,1,SB,Apidae,Ceratina ,Female,
2Ck22,0022-06-28,2,Clark1,2,SB,Apidae,Ceratina ,Female,
3Ck22,0022-06-28,2,Clark1,2,SB,Apidae,Ceratina ,,
4Ck22,0022-06-28,2,Clark1,2,SB,Apidae,Ceratina ,Female,
5Ck22,0022-06-28,2,Clark1,2,SB,Apidae,Ceratina ,Female,
6Ck22,0022-06-28,2,Clark1,2,SB,Apidae,Ceratina ,Female,
7Ck22,0022-06-28,2,Clark1,2,SB,Apidae,Ceratina ,Female,
8Ck22,0022-06-28,2,Clark1,2,SB,Apidae,Ceratina ,Female,
4Kam23,0022-07-19,3,Kamiak,2,SB,Colletidae,Colletes,,
6Chp12,0022-07-05,2,Chipman1,1,SB,Colletidae,Colletes,,
4Kam12,0022-06-30,2,Kamiak,1,OLB,Colletidae,Colletes,,
13Kam22,0022-06-30,2,Kamiak,2,OLB,Colletidae,Colletes,,
10Aso12,0022-06-29,2,Asotin,1,SB,Colletidae,Colletes,,
41Chp33,0022-07-25,3,Chipman1,3,OLB,Apidae,Diadasia,,
43Chp33,0022-07-25,3,Chipman1,3,OLB,Apidae,Diadasia,,
46Chp33,0022-07-25,3,Chipman1,3,OLB,Apidae,Diadasia,,
5Kam23,0022-07-19,3,Kamiak,2,SB,Halictidae,Dufourea,,
6Kam23,0022-07-19,3,Kamiak,2,SB,Halictidae,Dufourea,,
5Kam33,0022-07-19,3,Kamiak,3,SB,Halictidae,Dufourea,,
7Kam12,0022-06-30,2,Kamiak,1,SB,Halictidae,Dufourea,,
9Kam12,0022-06-30,2,Kamiak,1,SB,Halictidae,Dufourea,,
10Kam12,0022-06-30,2,Kamiak,1,SB,Halictidae,Dufourea,,
18Kam22,0022-06-30,2,Kamiak,2,SB,Halictidae,Dufourea,,
1SH13,0022-07-27,3,Smoot,1,OLB,Apidae,Epoleus,,
4SH13,0022-07-27,3,Smoot,1,OLB,Apidae,Epoleus,,
19Chpp41,0022-06-02,1,Chipman2,4,SB,Halictidae,Halictus,,
20Chpp41,0022-06-02,1,Chipman2,4,SB,Halictidae,Halictus,,
27Chpp41,0022-06-02,1,Chipman2,4,SB,Halictidae,Halictus,,
28Chpp41,0022-06-02,1,Chipman2,4,SB,Halictidae,Halictus,,
29Chpp41,0022-06-02,1,Chipman2,4,SB,Halictidae,Halictus,,
30Chpp41,0022-06-02,1,Chipman2,4,SB,Halictidae,Halictus,,
31Chpp41,0022-06-02,1,Chipman2,4,SB,Halictidae,Halictus,,
32Chpp41,0022-06-02,1,Chipman2,4,SB,Halictidae,Halictus,,
33Chpp41,0022-06-02,1,Chipman2,4,SB,Halictidae,Halictus,,
36Chpp41,0022-06-02,1,Chipman2,4,SB,Halictidae,Halictus,,
29Chpp31,0022-06-02,1,Chipman2,3,SB,Halictidae,Halictus,,
6Ck12,0022-06-28,2,Clark1,1,SB,Halictidae,Halictus,,
7Ck12,0022-06-28,2,Clark1,1,SB,Halictidae,Halictus,,
8Ck12,0022-06-28,2,Clark1,1,SB,Halictidae,Halictus,,
11Ck22,0022-06-28,2,Clark1,2,SB,Halictidae,Halictus,,
2Aso21,0022-06-08,1,Asotin,2,SB,Halictidae,Halictus,,
6Aso31,0022-06-08,1,Asotin,3,OLB,Halictidae,Halictus,,
16Aso41,0022-06-08,1,Asotin,4,OLB,Halictidae,Halictus,,
3Hut11,0022-06-22,1,Hutchins,1,SB,Halictidae,Halictus,,
6Hut11,0022-06-22,1,Hutchins,1,SB,Halictidae,Halictus,,
8Hut11,0022-06-22,1,Hutchins,1,SB,Halictidae,Halictus,,
9Hut11,0022-06-22,1,Hutchins,1,SB,Halictidae,Halictus,,
5Hut31,0022-06-22,1,Hutchins,3,SB,Halictidae,Halictus,,
5Hut41,0022-06-22,1,Hutchins,4,SB,Halictidae,Halictus,,
6Hut41,0022-06-22,1,Hutchins,4,SB,Halictidae,Halictus,,
7Hut41,0022-06-22,1,Hutchins,4,SB,Halictidae,Halictus,,
8Hut41,0022-06-22,1,Hutchins,4,SB,Halictidae,Halictus,,
9Hut41,0022-06-22,1,Hutchins,4,SB,Halictidae,Halictus,,
10Hut41,0022-06-22,1,Hutchins,4,SB,Halictidae,Halictus,,
11Hut41,0022-06-22,1,Hutchins,4,SB,Halictidae,Halictus,,
12Hut41,0022-06-22,1,Hutchins,4,SB,Halictidae,Halictus,,
13Hut41,0022-06-22,1,Hutchins,4,SB,Halictidae,Halictus,,
14Hut41,0022-06-22,1,Hutchins,4,SB,Halictidae,Halictus,,
16Hut41,0022-06-22,1,Hutchins,4,SB,Halictidae,Halictus,,
17Hut41,0022-06-22,1,Hutchins,4,SB,Halictidae,Halictus,,
18Hut41,0022-06-22,1,Hutchins,4,SB,Halictidae,Halictus,,
24Kam11,0022-06-15,1,Kamiak,1,SB,Halictidae,Halictus,Head and abdomen missing. Abdomen recovered,
28Kam11,0022-06-15,1,Kamiak,1,SB,Halictidae,Halictus,,
5Kam31,0022-06-15,1,Kamiak,3,SB,Halictidae,Halictus,,
6Kam41,0022-06-15,1,Kamiak,4,SB,Halictidae,Halictus,,
11Ckk21,0022-06-07,1,Clark2,2,OLB,Halictidae,Halictus,Abdomen missing/recovered,
12Ckk21,0022-06-07,1,Clark2,2,OLB,Halictidae,Halictus,,
16Ckk21,0022-06-07,1,Clark2,2,OLB,Halictidae,Halictus,,
4SH23,0022-07-27,3,Smoot,2,OLB,Halictidae,Halictus,,
5SH23,0022-07-27,3,Smoot,2,OLB,Halictidae,Halictus,,
3SH33,0022-07-27,3,Smoot,3,SB,Halictidae,Halictus,,
4SH43,0022-07-27,3,Smoot,3,SB,Halictidae,Halictus,,
5Chp23,0022-07-25,3,Chipman1,2,OLB,Halictidae,Halictus,,
42Chp33,0022-07-25,3,Chipman1,3,SB,Halictidae,Halictus,,
47Chp33,0022-07-25,3,Chipman1,3,SB,Halictidae,Halictus,ligatus,
48Chp33,0022-07-25,3,Chipman1,3,SB,Halictidae,Halictus,ligatus,
49Chp33,0022-07-25,3,Chipman1,3,SB,Halictidae,Halictus,ligatus,
50Chp33,0022-07-25,3,Chipman1,3,SB,Halictidae,Halictus,ligatus,
51Chp33,0022-07-25,3,Chipman1,3,SB,Halictidae,Halictus,ligatus,
52Chp33,0022-07-25,3,Chipman1,3,SB,Halictidae,Halictus,ligatus,
53Chp33,0022-07-25,3,Chipman1,3,SB,Halictidae,Halictus,ligatus,
54Chp33,0022-07-25,3,Chipman1,3,SB,Halictidae,Halictus,ligatus,
55Chp33,0022-07-25,3,Chipman1,3,SB,Halictidae,Halictus,ligatus,
56Chp33,0022-07-25,3,Chipman1,3,SB,Halictidae,Halictus,ligatus,
57Chp33,0022-07-25,3,Chipman1,3,SB,Halictidae,Halictus,ligatus,
58Chp33,0022-07-25,3,Chipman1,3,SB,Halictidae,Halictus,ligatus,
59Chp33,0022-07-25,3,Chipman1,3,SB,Halictidae,Halictus,ligatus,
60Chp33,0022-07-25,3,Chipman1,3,SB,Halictidae,Halictus,ligatus,
61Chp33,0022-07-25,3,Chipman1,3,SB,Halictidae,Halictus,ligatus,
62Chp33,0022-07-25,3,Chipman1,3,SB,Halictidae,Halictus,ligatus,
63Chp33,0022-07-25,3,Chipman1,3,SB,Halictidae,Halictus,ligatus,
64Chp33,0022-07-25,3,Chipman1,3,SB,Halictidae,Halictus,ligatus,
65Chp33,0022-07-25,3,Chipman1,3,SB,Halictidae,Halictus,ligatus,
66Chp33,0022-07-25,3,Chipman1,3,SB,Halictidae,Halictus,ligatus,
67Chp33,0022-07-25,3,Chipman1,3,SB,Halictidae,Halictus,ligatus,
68Chp33,0022-07-25,3,Chipman1,3,SB,Halictidae,Halictus,ligatus,
69Chp33,0022-07-25,3,Chipman1,3,SB,Halictidae,Halictus,ligatus,
70Chp33,0022-07-25,3,Chipman1,3,SB,Halictidae,Halictus,ligatus,
71Chp33,0022-07-25,3,Chipman1,3,SB,Halictidae,Halictus,ligatus,
72Chp33,0022-07-25,3,Chipman1,3,SB,Halictidae,Halictus,ligatus,
73Chp33,0022-07-25,3,Chipman1,3,SB,Halictidae,Halictus,ligatus,
74Chp33,0022-07-25,3,Chipman1,3,SB,Halictidae,Halictus,ligatus,
4Chp34,0022-07-25,3,Chipman1,4,SB,Halictidae,Halictus,,
5Chp34,0022-07-25,3,Chipman1,4,SB,Halictidae,Halictus,,
6Chp34,0022-07-25,3,Chipman1,4,SB,Halictidae,Halictus,,
7Chp34,0022-07-25,3,Chipman1,4,SB,Halictidae,Halictus,,
8Chp34,0022-07-25,3,Chipman1,4,SB,Halictidae,Halictus,,
9Chp34,0022-07-25,3,Chipman1,4,SB,Halictidae,Halictus,,
5Hut33,0022-07-20,3,Hutchins,3,SB,Halictidae,Halictus,,
6Hut33,0022-07-20,3,Hutchins,3,SB,Halictidae,Halictus,,
7Hut33,0022-07-20,3,Hutchins,3,SB,Halictidae,Halictus,,
12Hut33,0022-07-20,3,Hutchins,3,SB,Halictidae,Halictus,,
4Hut43,0022-07-20,3,Hutchins,4,SB,Halictidae,Halictus,,
5Hut43,0022-07-20,3,Hutchins,4,SB,Halictidae,Halictus,,
7Hut43,0022-07-20,3,Hutchins,4,SB,Halictidae,Halictus,,
8Hut43,0022-07-20,3,Hutchins,4,SB,Halictidae,Halictus,,
9Hut43,0022-07-20,3,Hutchins,4,SB,Halictidae,Halictus,,
3Plaz23,0022-08-02,3,Plaza,2,SB,Halictidae,Halictus,,
2Plaz33,0022-08-02,3,Plaza,3,SB,Halictidae,Halictus,,
3Ckk13,0022-07-26,3,Clark2,1,SB,Halictidae,Halictus,,
1Span13,0022-08-02,3,Spangle,1,SB,Halictidae,Halictus,,
2Span13,0022-08-02,3,Spangle,1,SB,Halictidae,Halictus,,
3Span13,0022-08-02,3,Spangle,1,SB,Halictidae,Halictus,,
4Span13,0022-08-02,3,Spangle,1,SB,Halictidae,Halictus,,
5Span13,0022-08-02,3,Spangle,1,SB,Halictidae,Halictus,,
1Span23,0022-08-02,3,Spangle,2,SB,Halictidae,Halictus,,
2Span23,0022-08-02,3,Spangle,2,SB,Halictidae,Halictus,,
3Span23,0022-08-02,3,Spangle,2,SB,Halictidae,Halictus,,
5Span33,0022-08-02,3,Spangle,3,SB,Halictidae,Halictus,,
14Span33,0022-08-02,3,Spangle,3,SB,Halictidae,Halictus,,
15Span33,0022-08-02,3,Spangle,3,SB,Halictidae,Halictus,,
9Chp12,0022-07-05,2,Chipman1,1,SB,Halictidae,Halictus,Abodomen missing,
3Kam42,0022-06-30,2,Kamiak,4,SB,Halictidae,Halictus,,
75Ck41,0022-06-07,1,Clark1,4,SB,Halictidae,Halictus,,
78Ck41,0022-06-07,1,Clark1,4,SB,Halictidae,Halictus,,
1Span12,0022-07-06,2,Spangle,1,OLB,Halictidae,Halictus,,
4SH12,0022-07-08,2,Smoot ,1,OLB,Halictidae,Halictus,,
5SH12,0022-07-08,2,Smoot ,1,OLB,Halictidae,Halictus,,
6SH22,0022-07-08,2,Smoot ,2,OLB,Halictidae,Halictus,,
7SH22,0022-07-08,2,Smoot ,2,OLB,Halictidae,Halictus,,
3SH32,0022-07-08,2,Smoot ,3,OLB,Halictidae,Halictus,,
5Plaz42,0022-07-06,2,Plaza,4,OLB,Halictidae,Halictus,,
6Plaz42,0022-07-06,2,Plaza,4,OLB,Halictidae,Halictus,,
1SH11,0022-06-21,1,Smoot ,1,SB,Halictidae,Halictus,,
6SH21,0022-06-21,1,Smoot ,2,SB,Halictidae,Halictus,,
7SH21,0022-06-21,1,Smoot ,2,SB,Halictidae,Halictus,,
9SH21,0022-06-21,1,Smoot ,2,SB,Halictidae,Halictus,,
10SH21,0022-06-21,1,Smoot ,2,SB,Halictidae,Halictus,,
11SH21,0022-06-21,1,Smoot ,2,SB,Halictidae,Halictus,,
12SH21,0022-06-21,1,Smoot ,2,SB,Halictidae,Halictus,,
13SH21,0022-06-21,1,Smoot ,2,SB,Halictidae,Halictus,,
14SH21,0022-06-21,1,Smoot ,2,SB,Halictidae,Halictus,,
5SH31,0022-06-21,1,Smoot ,3,SB,Halictidae,Halictus,,
22SH31,0022-06-21,1,Smoot ,3,SB,Halictidae,Halictus,,
24SH31,0022-06-21,1,Smoot ,3,SB,Halictidae,Halictus,,
28SH31,0022-06-21,1,Smoot ,3,SB,Halictidae,Halictus,,
36SH31,0022-06-21,1,Smoot ,3,SB,Halictidae,Halictus,,
37SH31,0022-06-21,1,Smoot ,3,SB,Halictidae,Halictus,,
38SH31,0022-06-21,1,Smoot ,3,SB,Halictidae,Halictus,,
47SH31,0022-06-21,1,Smoot ,3,SB,Halictidae,Halictus,,
11SH41,0022-06-21,1,Smoot ,4,SB,Halictidae,Halictus,,
22SH41,0022-06-21,1,Smoot ,4,SB,Halictidae,Halictus,,
9Hut32,0022-07-07,2,Hutchins,3,SB,Halictidae,Halictus,,
11Hut42,0022-07-07,2,Hutchins,4,SB,Halictidae,Halictus,,
5Ckk13,0022-07-26,3,Clark2,1,SB,Megachilidae,Heriades,,
1Ckk23,0022-07-26,3,Clark2,2,SB,Megachilidae,Heriades,,
77Chp33,0022-07-25,3,Chipman1,3,SB,Megachilidae,Hoplitis,,
10Ck22,0022-06-28,2,Clark1,2,SB,Colletidae,Hylaeus,,
4Ckk32,0022-06-27,2,Clark2,3,SB,Colletidae,Hylaeus,,
2Kam23,0022-07-19,3,Kamiak,2,SB,Colletidae,Hylaeus,,
1Ckk43,0022-07-26,3,Clark2,4,SB,Colletidae,Hylaeus,,
2Ckk43,0022-07-26,3,Clark2,4,SB,Colletidae,Hylaeus,,
4Ckk43,0022-07-26,3,Clark2,4,SB,Colletidae,Hylaeus,,
1Span32,0022-07-06,2,Spangle,3,SB,Colletidae,Hylaeus,,
1Span42,0022-07-06,2,Spangle,4,SB,Colletidae,Hylaeus,,
4Plaz42,0022-07-06,2,Plaza,4,SB,Colletidae,Hylaeus,,
12Hut42,0022-07-07,2,Hutchins,4,SB,Colletidae,Hylaeus,,
11Chpp41,0022-06-02,1,Chipman2,4,SB,Halictidae,Lasioglossum,,
13Chpp41,0022-06-02,1,Chipman2,4,SB,Halictidae,Lasioglossum,,
16Chpp41,0022-06-02,1,Chipman2,4,SB,Halictidae,Lasioglossum,,
18Chpp41,0022-06-02,1,Chipman2,4,SB,Halictidae,Lasioglossum,,
33Chpp31,0022-06-02,1,Chipman2,3,SB,Halictidae,Lasioglossum,Missing head,
35Chpp31,0022-06-02,1,Chipman2,3,SB,Halictidae,Lasioglossum,Missing head,
11Chpp11,0022-06-02,1,Chipman2,1,SB,Halictidae,Lasioglossum,,
6Chp21,0022-06-02,1,Chipman1,2,SB,Halictidae,Lasioglossum,,
11Chp31,0022-06-02,1,Chipman1,3,OLB,Halictidae,Lasioglossum,,
7Chp41,0022-06-02,1,Chipman1,4,SB,Halictidae,Lasioglossum,,
9Ck12,0022-06-28,2,Clark1,1,SB,Halictidae,Lasioglossum,,
10Ck12,0022-06-28,2,Clark1,1,SB,Halictidae,Lasioglossum,,
12Ck22,0022-06-28,2,Clark1,2,SB,Halictidae,Lasioglossum,,
1Ck42,0022-06-28,2,Clark1,4,SB,Halictidae,Lasioglossum,,
3Ck42,0022-06-28,2,Clark1,4,SB,Halictidae,Lasioglossum,,
6Ck42,0022-06-28,2,Clark1,4,SB,Halictidae,Lasioglossum,,
7Aso31,0022-06-08,1,Asotin,3,SB,Halictus ,Lasioglossum,,
11Aso31,0022-06-08,1,Asotin,3,SB,Halictus ,Lasioglossum,,
21Aso41,0022-06-08,1,Asotin,4,SB,Halictidae,Lasioglossum,,
22Aso41,0022-06-08,1,Asotin,4,SB,Halictidae,Lasioglossum,,
23Aso41,0022-06-08,1,Asotin,4,SB,Halictidae,Lasioglossum,,
2Span21,0022-06-09,1,Spangle,2,SB,Halictidae,Lasioglossum,,
1Hut11,0022-06-22,1,Hutchins,1,SB,Halictidae,Lasioglossum,,
4Hut11,0022-06-22,1,Hutchins,1,SB,Halictidae,Lasioglossum,,
5Hut11,0022-06-22,1,Hutchins,1,SB,Halictidae,Lasioglossum,,
7Hut11,0022-06-22,1,Hutchins,1,SB,Halictidae,Lasioglossum,,
2Hut21,0022-06-22,1,Hutchins,2,SB,Halictidae,Lasioglossum,,
4Hut31,0022-06-22,1,Hutchins,3,SB,Halictidae,Lasioglossum,,
6Hut31,0022-06-22,1,Hutchins,3,SB,Halictidae,Lasioglossum,Abdomen missing,
15Hut41,0022-06-22,1,Hutchins,4,SB,Halictidae,Lasioglossum,,
10Ckk32,0022-06-27,2,Clark2,3,SB,Halictidae,Lasioglossum,,
2Kam13,0022-07-19,3,Kamiak,1,SB,Halictidae,Lasioglossum,,
1Kam23,0022-07-19,3,Kamiak,2,SB,Halictidae,Lasioglossum,,
3Kam23,0022-07-19,3,Kamiak,2,SB,Halictidae,Lasioglossum,,
2Kam33,0022-07-19,3,Kamiak,3,SB,Halictidae,Lasioglossum,,
4Kam33,0022-07-19,3,Kamiak,3,SB,Halictidae,Lasioglossum,,
6Kam43,0022-07-19,3,Kamiak,4,OLB,Halictidae,Lasioglossum,,
27Kam11,0022-06-15,1,Kamiak,1,SB,Halictidae,Lasioglossum,,
4Kam31,0022-06-15,1,Kamiak,3,SB,Halictidae,Lasioglossum,,
6Kam31,0022-06-15,1,Kamiak,3,SB,Halictidae,Lasioglossum,,
9Kam31,0022-06-15,1,Kamiak,3,SB,Halictidae,Lasioglossum,,
4Ckk11,0022-06-07,1,Clark2,1,SB,Halictidae,Lasioglossum,,
5Ckk11,0022-06-07,1,Clark2,1,SB,Halictidae,Lasioglossum,,
10Ckk21,0022-06-07,1,Clark2,2,SB,Halictidae,Lasioglossum,,
2SH13,0022-07-27,3,Smoot,1,SB,Halictidae,Lasioglossum,,
3SH13,0022-07-27,3,Smoot,1,SB,Halictidae,Lasioglossum,*Silas check. Keys out to lasioglossum but has yellow legs,
5SH13,0022-07-27,3,Smoot,1,OLB,Halictidae,Lasioglossum,,
2SH23,0022-07-27,3,Smoot,2,SB,Halictidae,Lasioglossum,,
3SH23,0022-07-27,3,Smoot,2,OLB,Halictidae,Lasioglossum,,
3SH43,0022-07-27,3,Smoot,3,OLB,Halictidae,Lasioglossum,,
5Ck13,0022-07-26,3,Clark1,1,SB,Halictidae,Lasioglossum,Abdomen missing,
6Ck13,0022-07-26,3,Clark1,1,SB,Halictidae,Lasioglossum,,
1Ck23,0022-07-26,3,Clark1,2,SB,Halictidae,Lasioglossum,,
2Ck23,0022-07-26,3,Clark1,2,SB,Halictidae,Lasioglossum,,
3Ck23,0022-07-26,3,Clark1,2,SB,Halictidae,Lasioglossum,,
1Ck24,0022-07-26,3,Clark1,4,SB,Halictidae,Lasioglossum,,
3Plaz21,0022-06-09,1,Plaza,2,SB,Halictidae,Lasioglossum,,
2Plaz41,0022-06-09,1,Plaza,4,SB,Halictidae,Lasioglossum,,
3Chp13,0022-07-25,3,Chipman1,1,SB,Halictidae,Lasioglossum,,
4Chp13,0022-07-25,3,Chipman1,1,SB,Halictidae,Lasioglossum,,
36Chp33,0022-07-25,3,Chipman1,3,SB,Halictidae,Lasioglossum,,
76Chp33,0022-07-25,3,Chipman1,3,SB,Halictidae,Lasioglossum,,
1Hut13,0022-07-20,3,Hutchins,1,SB,Halictidae,Lasioglossum,Abodomen broken,
2Hut13,0022-07-20,3,Hutchins,1,SB,Halictidae,Lasioglossum,,
3Hut23,0022-07-20,3,Hutchins,2,SB,Halictidae,Lasioglossum,head missing,
5Hut23,0022-07-20,3,Hutchins,2,SB,Halictidae,Lasioglossum,,
8Hut33,0022-07-20,3,Hutchins,3,SB,Halictidae,Lasioglossum,,
9Hut33,0022-07-20,3,Hutchins,3,SB,Halictidae,Lasioglossum,,
10Hut33,0022-07-20,3,Hutchins,3,SB,Halictidae,Lasioglossum,,
11Hut33,0022-07-20,3,Hutchins,3,SB,Halictidae,Lasioglossum,,
13Hut33,0022-07-20,3,Hutchins,3,SB,Halictidae,Lasioglossum,,
14Hut33,0022-07-20,3,Hutchins,3,SB,Halictidae,Lasioglossum,,
15Hut33,0022-07-20,3,Hutchins,3,SB,Halictidae,Lasioglossum,,
16Hut33,0022-07-20,3,Hutchins,3,SB,Halictidae,Lasioglossum,,
17Hut33,0022-07-20,3,Hutchins,3,SB,Halictidae,Lasioglossum,,
18Hut33,0022-07-20,3,Hutchins,3,SB,Halictidae,Lasioglossum,,
19Hut33,0022-07-20,3,Hutchins,3,SB,Halictidae,Lasioglossum,,
20Hut33,0022-07-20,3,Hutchins,3,SB,Halictidae,Lasioglossum,,
21Hut33,0022-07-20,3,Hutchins,3,SB,Halictidae,Lasioglossum,"Head missing, recovered",
22Hut33,0022-07-20,3,Hutchins,3,SB,Halictidae,Lasioglossum,,
23Hut33,0022-07-20,3,Hutchins,3,SB,Halictidae,Lasioglossum,,
24Hut33,0022-07-20,3,Hutchins,3,SB,Halictidae,Lasioglossum,,
2Hut43,0022-07-20,3,Hutchins,4,SB,Halictidae,Lasioglossum,,
3Hut43,0022-07-20,3,Hutchins,4,SB,Halictidae,Lasioglossum,,
6Hut43,0022-07-20,3,Hutchins,4,SB,Halictidae,Lasioglossum,,
10Hut43,0022-07-20,3,Hutchins,4,SB,Halictidae,Lasioglossum,,
2Plaz13,0022-08-02,3,Plaza,1,SB,Halictidae,Lasioglossum,,
3Plaz13,0022-08-02,3,Plaza,1,SB,Halictidae,Lasioglossum,,
4Plaz13,0022-08-02,3,Plaza,1,SB,Halictidae,Lasioglossum,,
5Plaz13,0022-08-02,3,Plaza,1,SB,Halictidae,Lasioglossum,,
6Plaz13,0022-08-02,3,Plaza,1,SB,Halictidae,Lasioglossum,,
8Plaz13,0022-08-02,3,Plaza,1,SB,Halictidae,Lasioglossum,,
9Plaz13,0022-08-02,3,Plaza,1,SB,Halictidae,Lasioglossum,,
10Plaz13,0022-08-02,3,Plaza,1,SB,Halictidae,Lasioglossum,,
2Plaz23,0022-08-02,3,Plaza,2,SB,Halictidae,Lasioglossum,,
4Plaz23,0022-08-02,3,Plaza,2,SB,Halictidae,Lasioglossum,,
5Plaz23,0022-08-02,3,Plaza,2,SB,Halictidae,Lasioglossum,,
6Plaz23,0022-08-02,3,Plaza,2,SB,Halictidae,Lasioglossum,,
3Plaz33,0022-08-02,3,Plaza,3,SB,Halictidae,Lasioglossum,,
4Plaz33,0022-08-02,3,Plaza,3,SB,Halictidae,Lasioglossum,,
1Plaz43,0022-08-02,3,Plaza,4,SB,Halictidae,Lasioglossum,,
2Plaz43,0022-08-02,3,Plaza,4,SB,Halictidae,Lasioglossum,Abodomen missing,
3Plaz43,0022-08-02,3,Plaza,4,SB,Halictidae,Lasioglossum,,
1Ckk13,0022-07-26,3,Clark2,1,SB,Halictidae,Lasioglossum,,
2Ckk13,0022-07-26,3,Clark2,1,SB,Halictidae,Lasioglossum,,
6Span13,0022-08-02,3,Spangle,1,SB,Halictidae,Lasioglossum,,
7Span13,0022-08-02,3,Spangle,1,SB,Halictidae,Lasioglossum,,
8Span13,0022-08-02,3,Spangle,1,SB,Halictidae,Lasioglossum,,
9Span13,0022-08-02,3,Spangle,1,SB,Halictidae,Lasioglossum,,
10Span13,0022-08-02,3,Spangle,1,SB,Halictidae,Lasioglossum,,
4Span33,0022-08-02,3,Spangle,3,OLB,Halictidae,Lasioglossum,,
6Span33,0022-08-02,3,Spangle,3,SB,Halictidae,Lasioglossum,,
7Span33,0022-08-02,3,Spangle,3,SB,Halictidae,Lasioglossum,,
8Span33,0022-08-02,3,Spangle,3,SB,Halictidae,Lasioglossum,,
9Span33,0022-08-02,3,Spangle,3,SB,Halictidae,Lasioglossum,,
10Span33,0022-08-02,3,Spangle,3,SB,Halictidae,Lasioglossum,,
11Span33,0022-08-02,3,Spangle,3,SB,Halictidae,Lasioglossum,,
12Span33,0022-08-02,3,Spangle,3,SB,Halictidae,Lasioglossum,,
13Span33,0022-08-02,3,Spangle,3,SB,Halictidae,Lasioglossum,,
1Span43,0022-08-02,3,Spangle,4,SB,Halictidae,Lasioglossum,,
2Span43,0022-08-02,3,Spangle,4,SB,Halictidae,Lasioglossum,,
3Span43,0022-08-02,3,Spangle,4,SB,Halictidae,Lasioglossum,,
1Aso23,0022-07-21,3,Asotin,2,SB,Halictidae,Lasioglossum,,
2Aso23,0022-07-21,3,Asotin,2,SB,Halictidae,Lasioglossum,,
4Aso33,0022-07-21,3,Asotin,3,SB,Halictidae,Lasioglossum,*Same as 3SH13,
5Aso33,0022-07-21,3,Asotin,3,SB,Halictidae,Lasioglossum,,
6Aso33,0022-07-21,3,Asotin,3,SB,Halictidae,Lasioglossum,,
7Aso33,0022-07-21,3,Asotin,3,SB,Halictidae,Lasioglossum,,
8Aso33,0022-07-21,3,Asotin,3,SB,Halictidae,Lasioglossum,,
9Aso33,0022-07-21,3,Asotin,3,SB,Halictidae,Lasioglossum,,
22Aso43,0022-07-21,3,Asotin,4,SB,Halictidae,Lasioglossum,,
23Aso43,0022-07-21,3,Asotin,4,SB,Halictidae,Lasioglossum,,
24Aso43,0022-07-21,3,Asotin,4,SB,Halictidae,Lasioglossum,,
25Aso43,0022-07-21,3,Asotin,4,SB,Halictidae,Lasioglossum,,
26Aso43,0022-07-21,3,Asotin,4,SB,Halictidae,Lasioglossum,,
27Aso43,0022-07-21,3,Asotin,4,SB,Halictidae,Lasioglossum,,
28Aso43,0022-07-21,3,Asotin,4,SB,Halictidae,Lasioglossum,,
29Aso43,0022-07-21,3,Asotin,4,SB,Halictidae,Lasioglossum,,
30Aso43,0022-07-21,3,Asotin,4,SB,Halictidae,Lasioglossum,,
31Aso43,0022-07-21,3,Asotin,4,SB,Halictidae,Lasioglossum,,
32Aso43,0022-07-21,3,Asotin,4,SB,Halictidae,Lasioglossum,,
33Aso43,0022-07-21,3,Asotin,4,SB,Halictidae,Lasioglossum,,
34Aso43,0022-07-21,3,Asotin,4,SB,Halictidae,Lasioglossum,,
35Aso43,0022-07-21,3,Asotin,4,SB,Halictidae,Lasioglossum,,
36Aso43,0022-07-21,3,Asotin,4,SB,Halictidae,Lasioglossum,,
37Aso43,0022-07-21,3,Asotin,4,SB,Halictidae,Lasioglossum,,
5Chp12,0022-07-05,2,Chipman1,1,SB,Halictidae,Lasioglossum,,
8Chp12,0022-07-05,2,Chipman1,1,SB,Halictidae,Lasioglossum,,
13Chp32,0022-07-05,2,Chipman1,3,SB,Halictidae,Lasioglossum,,
6Kam12,0022-06-30,2,Kamiak,1,OLB,Halictidae,Lasioglossum,,
8Kam12,0022-06-30,2,Kamiak,1,SB,Halictidae,Lasioglossum,,
11Kam22,0022-06-30,2,Kamiak,2,OLB,Halictidae,Lasioglossum,,
12Kam22,0022-06-30,2,Kamiak,2,OLB,Halictidae,Lasioglossum,,
14Kam22,0022-06-30,2,Kamiak,2,SB,Halictidae,Lasioglossum,,
15Kam22,0022-06-30,2,Kamiak,2,SB,Halictidae,Lasioglossum,,
16Kam22,0022-06-30,2,Kamiak,2,SB,Halictidae,Lasioglossum,,
17Kam22,0022-06-30,2,Kamiak,2,SB,Halictidae,Lasioglossum,,
6Kam42,0022-06-30,2,Kamiak,4,SB,Halictidae,Lasioglossum,,
9Aso12,0022-06-29,2,Asotin,1,SB,Halictidae,Lasioglossum,,
13Aso12,0022-06-29,2,Asotin,1,SB,Halictidae,Lasioglossum,,
20Aso12,0022-06-29,2,Asotin,1,SB,Halictidae,Lasioglossum,,
8Aso22,0022-06-29,2,Asotin,2,OLB,Halictidae,Lasioglossum,,
9Aso22,0022-06-29,2,Asotin,2,OLB,Halictidae,Lasioglossum,,
10Aso22,0022-06-29,2,Asotin,2,SB,Halictidae,Lasioglossum,,
11Aso22,0022-06-29,2,Asotin,2,SB,Halictidae,Lasioglossum,,
12Aso22,0022-06-29,2,Asotin,2,SB,Halictidae,Lasioglossum,,
13Aso22,0022-06-29,2,Asotin,2,SB,Halictidae,Lasioglossum,,
14Aso22,0022-06-29,2,Asotin,2,SB,Halictidae,Lasioglossum,,
15Aso22,0022-06-29,2,Asotin,2,SB,Halictidae,Lasioglossum,,
16Aso22,0022-06-29,2,Asotin,2,SB,Halictidae,Lasioglossum,,
18Aso22,0022-06-29,2,Asotin,2,SB,Halictidae,Lasioglossum,,
19Aso22,0022-06-29,2,Asotin,2,SB,Halictidae,Lasioglossum,,
2Aso32,0022-06-29,2,Asotin,3,OLB,Halictidae,Lasioglossum,,
3Aso32,0022-06-29,2,Asotin,3,SB,Halictidae,Lasioglossum,,
53Aso42,0022-06-29,2,Asotin,4,SB,Halictidae,Lasioglossum,,
54Aso42,0022-06-29,2,Asotin,4,SB,Halictidae,Lasioglossum,,
55Aso42,0022-06-29,2,Asotin,4,SB,Halictidae,Lasioglossum,,
56Aso42,0022-06-29,2,Asotin,4,SB,Halictidae,Lasioglossum,,
57Aso42,0022-06-29,2,Asotin,4,SB,Halictidae,Lasioglossum,,
61Aso42,0022-06-29,2,Asotin,4,SB,Halictidae,Lasioglossum,,
62Aso42,0022-06-29,2,Asotin,4,SB,Halictidae,Lasioglossum,,
63Aso42,0022-06-29,2,Asotin,4,SB,Halictidae,Lasioglossum,,
64Aso42,0022-06-29,2,Asotin,4,SB,Halictidae,Lasioglossum,,
68Aso42,0022-06-29,2,Asotin,4,SB,Halictidae,Lasioglossum,,
69Aso42,0022-06-29,2,Asotin,4,SB,Halictidae,Lasioglossum,,
70Aso42,0022-06-29,2,Asotin,4,SB,Halictidae,Lasioglossum,,
71Aso42,0022-06-29,2,Asotin,4,SB,Halictidae,Lasioglossum,,
72Aso42,0022-06-29,2,Asotin,4,SB,Halictidae,Lasioglossum,,
73Aso42,0022-06-29,2,Asotin,4,SB,Halictidae,Lasioglossum,,
74Aso42,0022-06-29,2,Asotin,4,SB,Halictidae,Lasioglossum,,
76Aso42,0022-06-29,2,Asotin,4,SB,Halictidae,Lasioglossum,,
77Aso42,0022-06-29,2,Asotin,4,SB,Halictidae,Lasioglossum,,
63Ck41,0022-06-07,1,Clark1,4,GB,Halictidae,Lasioglossum,,
64Ck41,0022-06-07,1,Clark1,4,SB,Halictidae,Lasioglossum,,
66Ck41,0022-06-07,1,Clark1,4,SB,Halictidae,Lasioglossum,,
67Ck41,0022-06-07,1,Clark1,4,SB,Halictidae,Lasioglossum,,
68Ck41,0022-06-07,1,Clark1,4,SB,Halictidae,Lasioglossum,,
69Ck41,0022-06-07,1,Clark1,4,SB,Halictidae,Lasioglossum,,
70Ck41,0022-06-07,1,Clark1,4,SB,Halictidae,Lasioglossum,,
72Ck41,0022-06-07,1,Clark1,4,SB,Halictidae,Lasioglossum,,
73Ck41,0022-06-07,1,Clark1,4,SB,Halictidae,Lasioglossum,,
74Ck41,0022-06-07,1,Clark1,4,SB,Halictidae,Lasioglossum,,
77Ck41,0022-06-07,1,Clark1,4,SB,Halictidae,Lasioglossum,,
3Span22,0022-07-06,2,Spangle,2,SB,Halictidae,Lasioglossum,,
4Span22,0022-07-06,2,Spangle,2,SB,Halictidae,Lasioglossum,,
5Span22,0022-07-06,2,Spangle,2,SB,Halictidae,Lasioglossum,,
2Span32,0022-07-06,2,Spangle,3,SB,Halictidae,Lasioglossum,,
8SH12,0022-07-08,2,Smoot ,1,SB,Halictidae,Lasioglossum,,
9SH12,0022-07-08,2,Smoot ,1,SB,Halictidae,Lasioglossum,,
3SH22,0022-07-08,2,Smoot ,2,SB,Halictidae,Lasioglossum,,
4SH22,0022-07-08,2,Smoot ,2,SB,Halictidae,Lasioglossum,,
5SH22,0022-07-08,2,Smoot ,2,GB,Halictidae,Lasioglossum,,
4SH31,0022-06-21,1,Smoot ,3,SB,Halictidae,Lasioglossum,,
6SH31,0022-06-21,1,Smoot ,3,SB,Halictidae,Lasioglossum,,
15SH31,0022-06-21,1,Smoot ,3,SB,Halictidae,Lasioglossum,,
17SH31,0022-06-21,1,Smoot ,3,SB,Halictidae,Lasioglossum,,
18SH31,0022-06-21,1,Smoot ,3,SB,Halictidae,Lasioglossum,,
23SH31,0022-06-21,1,Smoot ,3,SB,Halictidae,Lasioglossum,,
26SH31,0022-06-21,1,Smoot ,3,SB,Halictidae,Lasioglossum,,
29SH31,0022-06-21,1,Smoot ,3,SB,Halictidae,Lasioglossum,,
39SH31,0022-06-21,1,Smoot ,3,SB,Halictidae,Lasioglossum,,
40SH31,0022-06-21,1,Smoot ,3,SB,Halictidae,Lasioglossum,,
41SH31,0022-06-21,1,Smoot ,3,SB,Halictidae,Lasioglossum,,
42SH31,0022-06-21,1,Smoot ,3,SB,Halictidae,Lasioglossum,,
5SH41,0022-06-21,1,Smoot ,4,SB,Halictidae,Lasioglossum,,
6SH41,0022-06-21,1,Smoot ,4,SB,Halictidae,Lasioglossum,,
12SH41,0022-06-21,1,Smoot ,4,SB,Halictidae,Lasioglossum,,
16SH41,0022-06-21,1,Smoot ,4,SB,Halictidae,Lasioglossum,,
17SH41,0022-06-21,1,Smoot ,4,SB,Halictidae,Lasioglossum,,
21SH41,0022-06-21,1,Smoot ,4,SB,Halictidae,Lasioglossum,,
23SH41,0022-06-21,1,Smoot ,4,SB,Halictidae,Lasioglossum,,
25SH41,0022-06-21,1,Smoot ,4,SB,Halictidae,Lasioglossum,,
26SH41,0022-06-21,1,Smoot ,4,SB,Halictidae,Lasioglossum,,
2Hut12,0022-07-07,2,Hutchins,1,SB,Halictidae,Lasioglossum,,
3Hut12,0022-07-07,2,Hutchins,1,SB,Halictidae,Lasioglossum,,
4Hut12,0022-07-07,2,Hutchins,1,SB,Halictidae,Lasioglossum,,
5Hut12,0022-07-07,2,Hutchins,1,SB,Halictidae,Lasioglossum,,
6Hut12,0022-07-07,2,Hutchins,1,SB,Halictidae,Lasioglossum,,
7Hut12,0022-07-07,2,Hutchins,1,SB,Halictidae,Lasioglossum,,
8Hut12,0022-07-07,2,Hutchins,1,SB,Halictidae,Lasioglossum,,
9Hut12,0022-07-07,2,Hutchins,1,SB,Halictidae,Lasioglossum,"head missing, recovered",
10Hut12,0022-07-07,2,Hutchins,1,SB,Halictidae,Lasioglossum,"head missing, recovered",
11Hut12,0022-07-07,2,Hutchins,1,SB,Halictidae,Lasioglossum,"Abdomen missing, recovered",
1Hut22,0022-07-07,2,Hutchins,2,SB,Halictidae,Lasioglossum,,
2Hut22,0022-07-07,2,Hutchins,2,SB,Halictidae,Lasioglossum,,
3Hut22,0022-07-07,2,Hutchins,2,SB,Halictidae,Lasioglossum,,
4Hut22,0022-07-07,2,Hutchins,2,SB,Halictidae,Lasioglossum,,
5Hut22,0022-07-07,2,Hutchins,2,SB,Halictidae,Lasioglossum,,
6Hut22,0022-07-07,2,Hutchins,2,SB,Halictidae,Lasioglossum,,
7Hut22,0022-07-07,2,Hutchins,2,SB,Halictidae,Lasioglossum,,
9Hut22,0022-07-07,2,Hutchins,2,SB,Halictidae,Lasioglossum,"head missing, recovered",
10Hut22,0022-07-07,2,Hutchins,2,SB,Halictidae,Lasioglossum,"head missing, recovered",
11Hut22,0022-07-07,2,Hutchins,2,SB,Halictidae,Lasioglossum,"head missing, recovered",
2Hut32,0022-07-07,2,Hutchins,3,SB,Halictidae,Lasioglossum,,
3Hut32,0022-07-07,2,Hutchins,3,SB,Halictidae,Lasioglossum,,
4Hut32,0022-07-07,2,Hutchins,3,SB,Halictidae,Lasioglossum,,
5Hut32,0022-07-07,2,Hutchins,3,SB,Halictidae,Lasioglossum,,
6Hut32,0022-07-07,2,Hutchins,3,SB,Halictidae,Lasioglossum,,
7Hut32,0022-07-07,2,Hutchins,3,SB,Halictidae,Lasioglossum,,
8Hut32,0022-07-07,2,Hutchins,3,SB,Halictidae,Lasioglossum,,
11Hut32,0022-07-07,2,Hutchins,3,SB,Halictidae,Lasioglossum,,
12Hut32,0022-07-07,2,Hutchins,3,SB,Halictidae,Lasioglossum,,
13Hut32,0022-07-07,2,Hutchins,3,SB,Halictidae,Lasioglossum,,
14Hut32,0022-07-07,2,Hutchins,3,SB,Halictidae,Lasioglossum,,
15Hut32,0022-07-07,2,Hutchins,3,SB,Halictidae,Lasioglossum,,
16Hut32,0022-07-07,2,Hutchins,3,SB,Halictidae,Lasioglossum,,
17Hut32,0022-07-07,2,Hutchins,3,SB,Halictidae,Lasioglossum,,
1Hut42,0022-07-07,2,Hutchins,4,SB,Halictidae,Lasioglossum,,
2Hut42,0022-07-07,2,Hutchins,4,SB,Halictidae,Lasioglossum,,
3Hut42,0022-07-07,2,Hutchins,4,SB,Halictidae,Lasioglossum,,
4Hut42,0022-07-07,2,Hutchins,4,SB,Halictidae,Lasioglossum,,
5Hut42,0022-07-07,2,Hutchins,4,SB,Halictidae,Lasioglossum,,
6Hut42,0022-07-07,2,Hutchins,4,SB,Halictidae,Lasioglossum,,
7Hut42,0022-07-07,2,Hutchins,4,SB,Halictidae,Lasioglossum,,
8Hut42,0022-07-07,2,Hutchins,4,SB,Halictidae,Lasioglossum,,
9Hut42,0022-07-07,2,Hutchins,4,SB,Halictidae,Lasioglossum,,
10Hut42,0022-07-07,2,Hutchins,4,SB,Halictidae,Lasioglossum,,
14Hut42,0022-07-07,2,Hutchins,4,SB,Halictidae,Lasioglossum,,
15Hut42,0022-07-07,2,Hutchins,4,SB,Halictidae,Lasioglossum,,
16Hut42,0022-07-07,2,Hutchins,4,SB,Halictidae,Lasioglossum,,
17Hut42,0022-07-07,2,Hutchins,4,SB,Halictidae,Lasioglossum,,
18Hut42,0022-07-07,2,Hutchins,4,SB,Halictidae,Lasioglossum,,
19Hut42,0022-07-07,2,Hutchins,4,SB,Halictidae,Lasioglossum,,
20Hut42,0022-07-07,2,Hutchins,4,SB,Halictidae,Lasioglossum,,
21Hut42,0022-07-07,2,Hutchins,4,SB,Halictidae,Lasioglossum,head missing,
22Hut42,0022-07-07,2,Hutchins,4,SB,Halictidae,Lasioglossum,,
23Hut42,0022-07-07,2,Hutchins,4,SB,Halictidae,Lasioglossum,,
24Hut42,0022-07-07,2,Hutchins,4,SB,Halictidae,Lasioglossum,,
25Hut42,0022-07-07,2,Hutchins,4,SB,Halictidae,Lasioglossum,,
1Ck22,0022-06-28,2,Clark1,2,OLB,Megachilidae,Megachile,,
6Kam33,0022-07-19,3,Kamiak,3,SB,Megachilidae,Megachile,,
2Kam43,0022-07-19,3,Kamiak,4,OLB,Megachilidae,Megachile,,
30Chp33,0022-07-25,3,Chipman1,3,OLB,Megachilidae,Megachile,,
2Hut23,0022-07-20,3,Hutchins,2,SB,Megachilidae,Megachile,,
10Hut11,0022-06-22,1,Hutchins,1,OLB,Apidae,Melissodes,,
4Hut41,0022-06-22,1,Hutchins,4,OLB,Apidae,Melissodes,,
17Kam11,0022-06-15,1,Kamiak,1,OLB,Apidae,Melissodes,,
2Kam31,0022-06-15,1,Kamiak,3,OLB,Apidae,Melissodes,,
3Kam31,0022-06-15,1,Kamiak,3,OLB,Apidae,Melissodes,,
3Kam41,0022-06-15,1,Kamiak,4,OLB,Apidae,Melissodes,,
1Kam12,0022-06-30,2,Kamiak,1,OLB,Apidae,Melissodes,,
2Kam32,0022-06-30,2,Kamiak,3,OLB,Apidae,Melissodes,,
3Kam32,0022-06-30,2,Kamiak,3,OLB,Apidae,Melissodes,,
2SH22,0022-07-08,2,Smoot ,2,OLB,Apidae,Melissodes ,,
1SH31,0022-06-21,1,Smoot ,3,OLB,Apidae,Melissodes ,,
28SH41,0022-06-21,1,Smoot ,4,OLB,Apidae,Melissodes ,,
17Chpp41,0022-06-02,1,Chipman2,4,SB,Halictidae,Nomada,,
21Chpp41,0022-06-02,1,Chipman2,4,SB,Apidae,Nomada,,
37Chpp41,0022-06-02,1,Chipman2,4,SB,Apidae,Nomada,,
27Chpp31,0022-06-02,1,Chipman2,3,SB,Apidae,Nomada,,
9Chpp11,0022-06-02,1,Chipman2,1,SB,Apidae,Nomada,,
42Chpp21,0022-06-02,1,Chipman2,2,SB,Apidae,Nomada,,
2Chp21,0022-06-02,1,Chipman1,2,SB,Apidae,Nomada,,
7Chp31,0022-06-02,1,Chipman1,3,SB,Apidae,Nomada,,
1Chp41,0022-06-02,1,Chipman1,4,SB,Apidae,Nomada,,
3Chp41,0022-06-02,1,Chipman1,4,SB,Apidae,Nomada,,
1Ck12,0022-06-28,2,Clark1,1,OLB,Apidae,Nomada,,
1Ck32,0022-06-28,2,Clark1,3,SB,Apidae,Nomada,,
2Ck42,0022-06-28,2,Clark1,4,SB,Apidae,Nomada,,
1Aso11,0022-06-08,1,Asotin,1,SB,Apidae,Nomada,,
2Aso41,0022-06-08,1,Asotin,4,OLB,Apidae,Nomada,,
3Aso41,0022-06-08,1,Asotin,4,SB,Apidae,Nomada,,
6Aso41,0022-06-08,1,Asotin,4,SB,Apidae,Nomada,,
2Hut11,0022-06-22,1,Hutchins,1,SB,Apidae,Nomada,,
1Hut31,0022-06-22,1,Hutchins,3,OLB,Apidae,Nomada,,
2Hut31,0022-06-22,1,Hutchins,3,OLB,Apidae,Nomada,,
3Hut31,0022-06-22,1,Hutchins,3,SB,Apidae,Nomada,,
1Hut41,0022-06-22,1,Hutchins,4,OLB,Apidae,Nomada,,
2Hut41,0022-06-22,1,Hutchins,4,OLB,Apidae,Nomada,,
3Hut41,0022-06-22,1,Hutchins,4,OLB,Apidae,Nomada,,
1Ckk12,0022-06-27,2,Clark2,1,SB,Apidae,Nomada,,
2Ckk12,0022-06-27,2,Clark2,1,SB,Apidae,Nomada,,
1Ckk22,0022-06-27,2,Clark2,2,SB,Apidae,Nomada,,
2Ckk22,0022-06-27,2,Clark2,2,SB,Apidae,Nomada,,
1Kam43,0022-07-19,3,Kamiak,4,SB,Apidae,Nomada,,
1Kam11,0022-06-15,1,Kamiak,1,OLB,Apidae,Nomada,,
2Kam11,0022-06-15,1,Kamiak,1,OLB,Apidae,Nomada,,
3Kam11,0022-06-15,1,Kamiak,1,OLB,Apidae,Nomada,,
1Kam21,0022-06-15,1,Kamiak,2,OLB,Apidae,Nomada,,
1Kam41,0022-06-15,1,Kamiak,4,SB,Apidae,Nomada,,
2Kam41,0022-06-15,1,Kamiak,4,SB,Apidae,Nomada,"Head missing, recovered. Abdomen missing",
1Ckk11,0022-06-07,1,Clark2,1,SB,Apidae,Nomada,,
1Ckk21,0022-06-07,1,Clark2,2,SB,Apidae,Nomada,,
2Ckk21,0022-06-07,1,Clark2,2,SB,Apidae,Nomada,,
3Ckk21,0022-06-07,1,Clark2,2,SB,Apidae,Nomada,,
4Ckk21,0022-06-07,1,Clark2,2,SB,Apidae,Nomada,,
5Ckk21,0022-06-07,1,Clark2,2,SB,Apidae,Nomada,,
6Ckk21,0022-06-07,1,Clark2,2,OLB,Apidae,Nomada,,
7Ckk21,0022-06-07,1,Clark2,2,OLB,Apidae,Nomada,,
8Ckk21,0022-06-07,1,Clark2,2,OLB,Apidae,Nomada,,
9Ckk21,0022-06-07,1,Clark2,2,OLB,Apidae,Nomada,,
15Ckk21,0022-06-07,1,Clark2,2,SB,Apidae,Nomada,*Silas check. Keys out to nomada but looks like wasp,
1Ckk41,0022-06-07,1,Clark2,4,OLB,Apidae,Nomada,,
2Ckk41,0022-06-07,1,Clark2,4,SB,Apidae,Nomada,,
2SH33,0022-07-27,3,Smoot,3,OLB,Apidae,Nomada,,
2Ck13,0022-07-26,3,Clark1,1,OLB,Apidae,Nomada,,
2Hut33,0022-07-20,3,Hutchins,3,OLB,Apidae,Nomada,,
3Ckk43,0022-07-26,3,Clark2,4,OLB,Apidae,Nomada,,
3Aso33,0022-07-21,3,Asotin,3,SB,Apidae,Nomada,,
3Aso43,0022-07-21,3,Asotin,4,SB,Apidae,Nomada,,
4Aso43,0022-07-21,3,Asotin,4,SB,Apidae,Nomada,,
14Aso43,0022-07-21,3,Asotin,4,SB,Apidae,Nomada,,
3Kam12,0022-06-30,2,Kamiak,1,SB,Apidae,Nomada,,
3Kam22,0022-06-30,2,Kamiak,2,OLB,Apidae,Nomada,red,
4Kam22,0022-06-30,2,Kamiak,2,SB,Apidae,Nomada,red,
5Kam22,0022-06-30,2,Kamiak,2,SB,Apidae,Nomada,red,
5Kam32,0022-06-30,2,Kamiak,3,SB,Apidae,Nomada,,
1Kam42,0022-06-30,2,Kamiak,4,SB,Apidae,Nomada,,
1Ck41,0022-06-07,1,Clark1,4,OLB,Apidae,Nomada,,
2Ck41,0022-06-07,1,Clark1,4,OLB,Apidae,Nomada,,
3Ck41,0022-06-07,1,Clark1,4,SB,Apidae,Nomada,,
4Ck41,0022-06-07,1,Clark1,4,SB,Apidae,Nomada,,
5Ck41,0022-06-07,1,Clark1,4,SB,Apidae,Nomada,,
6Ck41,0022-06-07,1,Clark1,4,SB,Apidae,Nomada,,
7Ck41,0022-06-07,1,Clark1,4,SB,Apidae,Nomada,,
8Ck41,0022-06-07,1,Clark1,4,SB,Apidae,Nomada,,
21Ck41,0022-06-07,1,Clark1,4,SB,Apidae,Nomada,,
22Ck41,0022-06-07,1,Clark1,4,SB,Apidae,Nomada,,
23Ck42,0022-06-07,1,Clark1,4,SB,Apidae,Nomada,,
24Ck41,0022-06-07,1,Clark1,4,SB,Apidae,Nomada,,
1SH12,0022-07-08,2,Smoot ,1,SB,Apidae,Nomada,,
1SH22,0022-07-08,2,Smoot ,2,SB,Apidae,Nomada,,
1SH21,0022-06-21,1,Smoot ,2,OLB,Apidae,Nomada,,
2SH31,0022-06-21,1,Smoot ,3,OLB,Apidae,Nomada,,
31SH31,0022-06-21,1,Smoot ,3,OLB,Apidae,Nomada,abdomen missing,
1SH41,0022-06-21,1,Smoot ,4,SB,Apidae,Nomada,,
2SH41,0022-06-21,1,Smoot ,4,OLB,Apidae,Nomada,,
10SH41,0022-06-21,1,Smoot ,4,OLB,Apidae,Nomada,,
1Chpp32,0022-07-05,2,Chipman2,3,SB,Apidae,Nomada,,
2Plaz42,0022-07-06,2,Plaza,4,OLB,Halictidae,Nomia,,
3Plaz42,0022-07-06,2,Plaza,4,OLB,Halictidae,Nomia,,
38Chpp41,0022-06-02,1,Chipman2,4,SB,Megachilidae,Osmia,,
9Chpp31,0022-06-02,1,Chipman2,3,GB,Megachilidae,Osmia,,
4Aso41,0022-06-08,1,Asotin,4,GB,Megachilidae,Osmia,,
3Ckk12,0022-06-27,2,Clark2,1,GB,Megachilidae,Osmia,,
5Ckk22,0022-06-27,2,Clark2,2,GB,Megachilidae,Osmia,,
6Ckk32,0022-06-27,2,Clark2,3,GB,Megachilidae,Osmia,,
7Kam43,0022-07-19,3,Kamiak,4,OLB,Megachilidae,Osmia,,
1Kam31,0022-06-15,1,Kamiak,3,OLB,Megachilidae,Osmia,,
3Ckk11,0022-06-07,1,Clark2,1,GB,Megachilidae,Osmia,head missing,
6Ckk11,0022-06-07,1,Clark2,1,GB,Megachilidae,Osmia,,
14Ckk21,0022-06-07,1,Clark2,2,OLB,Megachilidae,Osmia,,
7Ckk41,0022-06-07,1,Clark2,4,OLB,Megachilidae,Osmia,,
1Chpp23,0022-07-25,3,Chipman2,2,SB,Megachilidae,Osmia,,
2Plaz21,0022-06-09,1,Plaza,2,GB,Megachilidae,Osmia,,
4Plaz21,0022-06-09,1,Plaza,2,SB,Megachilidae,Osmia,,
1Plaz31,0022-06-09,1,Plaza,3,SB,Megachilidae,Osmia,,
1Ckk33,0022-07-26,3,Clark2,3,GB,Megachilidae,Osmia,,
2Kam12,0022-06-30,2,Kamiak,1,SB,Megachilidae,Osmia,,
1Kam22,0022-06-30,2,Kamiak,2,OLB,Megachilidae,Osmia,,
4Kam32,0022-06-30,2,Kamiak,3,SB,Megachilidae,Osmia,,
4Ck11,0022-06-07,1,Clark1,1,SB,Megachilidae,Osmia,,
65Ck41,0022-06-07,1,Clark1,4,GB,Megachilidae,Osmia,,
2SH12,0022-07-08,2,Smoot ,1,SB,Megachilidae,Osmia,,
24SH41,0022-06-21,1,Smoot ,4,GB,Megachilidae,Osmia,,
44Chp33,0022-07-25,3,Chipman1,3,SB,Andrenidae,Panurginus,,
45Chp33,0022-07-25,3,Chipman1,3,SB,Andrenidae,Panurginus,,
7Plaz42,0022-07-06,2,Plaza,4,SB,Andrenidae,Panurginus,,
1Hut23,0022-07-20,3,Hutchins,2,OLB,Apidae,Peponapis,*Silas Check,
79Aso42,0022-06-29,2,Asotin,4,SB,Andrenidae,Perdita,,
1Span22,0022-07-06,2,Spangle,2,SB,Andrenidae,Perdita,,
2Span22,0022-07-06,2,Spangle,2,SB,Andrenidae,Perdita,,
1Plaz12,0022-07-06,2,Plaza,1,SB,Andrenidae,Perdita,,
1Plaz42,0022-07-06,2,Plaza,4,SB,Andrenidae,Perdita,,
5Kam11,0022-06-15,1,Kamiak,1,SB,Andrenidae,Protandrena,,
6Kam11,0022-06-15,1,Kamiak,1,SB,Andrenidae,Protandrena,,
7Kam11,0022-06-15,1,Kamiak,1,SB,Andrenidae,Protandrena,,
8Kam11,0022-06-15,1,Kamiak,1,SB,Andrenidae,Protandrena,,
9Kam11,0022-06-15,1,Kamiak,1,SB,Andrenidae,Protandrena,,
10Kam11,0022-06-15,1,Kamiak,1,SB,Andrenidae,Protandrena,,
11Kam11,0022-06-15,1,Kamiak,1,SB,Andrenidae,Protandrena,,
12Kam11,0022-06-15,1,Kamiak,1,SB,Andrenidae,Protandrena,,
14Kam11,0022-06-15,1,Kamiak,1,SB,Andrenidae,Protandrena,,
18Kam11,0022-06-15,1,Kamiak,1,SB,Andrenidae,Protandrena,Male,
19Kam11,0022-06-15,1,Kamiak,1,SB,Andrenidae,Protandrena,Male,
20Kam11,0022-06-15,1,Kamiak,1,SB,Andrenidae,Protandrena,head missing,
21Kam11,0022-06-15,1,Kamiak,1,SB,Andrenidae,Protandrena,,
26Kam11,0022-06-15,1,Kamiak,1,SB,Andrenidae,Protandrena,Missing head,
8Kam41,0022-06-15,1,Kamiak,4,SB,Andrenidae,Protandrena,Head missing,
78Aso42,0022-06-29,2,Asotin,4,SB,Andrenidae,Protandrena,,
55Ck41,0022-06-07,1,Clark1,4,OLB,Andrenidae,Protandrena,,
56Ck41,0022-06-07,1,Clark1,4,OLB,Andrenidae,Protandrena,,
76Ck41,0022-06-07,1,Clark1,4,SB,Andrenidae,Protandrena,,
25Chpp41,0022-06-02,1,Chipman2,4,SB,Halictidae,Sphecodes,,
2Ck32,0022-06-28,2,Clark1,3,SB,Halictidae,Sphecodes,,
5Aso41,0022-06-08,1,Asotin,4,SB,Halictidae,Sphecodes,,
3Ckk22,0022-06-27,2,Clark2,2,SB,Halictidae,Sphecodes,,
3Ckk32,0022-06-27,2,Clark2,3,SB,Halictidae,Sphecodes,,
3Hut33,0022-07-20,3,Hutchins,3,SB,Halictidae,Sphecodes,,
4Hut33,0022-07-20,3,Hutchins,3,SB,Halictidae,Sphecodes,,
1Kam32,0022-06-30,2,Kamiak,3,SB,Halictidae,Sphecodes,,
17Ck41,0022-06-07,1,Clark1,4,SB,Halictidae,Sphecodes,missing head,
18Ck41,0022-06-07,1,Clark1,4,SB,Halictidae,Sphecodes,,
19Ck41,0022-06-07,1,Clark1,4,SB,Halictidae,Sphecodes,,
20Ck41,0022-06-07,1,Clark1,4,SB,Halictidae,Sphecodes,,
7SH12,0022-07-08,2,Smoot ,1,SB,Halictidae,Sphecodes,,
25SH31,0022-06-21,1,Smoot ,3,SB,Halictidae,Sphecodes,,
43SH31,0022-06-21,1,Smoot ,3,SB,Halictidae,Sphecodes,,
8SH41,0022-06-21,1,Smoot ,4,SB,Halictidae,Sphecodes,,
15SH41,0022-06-21,1,Smoot ,4,SB,Halictidae,Sphecodes,,
1Hut32,0022-07-07,2,Hutchins,3,SB,Halictidae,Sphecodes,,
26Hut42,0022-07-07,2,Hutchins,4,SB,Halictidae,Sphecodes,,
